run,selected_markers
butina03_seed42,hERG;Respiratory;Neurotoxicity-DI
butina04_seed42,hERG;Respiratory;Neurotoxicity-DI
butina04_seed43,hERG;Respiratory;Neurotoxicity-DI
butina04_seed44,hERG;Respiratory;Neurotoxicity-DI
butina04_seed45,hERG;Respiratory;Neurotoxicity-DI
butina04_seed46,hERG;Respiratory;Neurotoxicity-DI
butina05_seed42,hERG;Respiratory;Neurotoxicity-DI
random_size_matched_seed42,hERG;Respiratory;Neurotoxicity-DI
random_size_matched_seed43,hERG;Respiratory;Neurotoxicity-DI
random_size_matched_seed44,hERG;Respiratory;Neurotoxicity-DI
random_size_matched_seed45,hERG;Respiratory;Neurotoxicity-DI
random_size_matched_seed46,hERG;Respiratory;Neurotoxicity-DI
repaired_reference,hERG;Respiratory;Neurotoxicity-DI
