feature,mean_absolute_shap,group
"MW, g/mol",0.1409215573646898,physicochemical
logP,0.12773593702168293,physicochemical
FP_926,0.04676744019301547,fingerprints
FP_628,0.025440696643760603,fingerprints
FP_650,0.02356123240712091,fingerprints
FP_389,0.021993384796421003,fingerprints
FP_715,0.021882634628641137,fingerprints
FP_414,0.020681606251405252,fingerprints
FP_674,0.01686054365259215,fingerprints
FP_807,0.014834616142369429,fingerprints
FP_1325,0.014736415544836295,fingerprints
FP_947,0.013957053993950882,fingerprints
FP_695,0.013018097302592586,fingerprints
FP_456,0.01295326275804192,fingerprints
FP_1226,0.011895622049358756,fingerprints
FP_426,0.011862922264044654,fingerprints
FP_80,0.011436867555025768,fingerprints
FP_656,0.011390260419231621,fingerprints
FP_1028,0.011236394957042489,fingerprints
FP_881,0.011133357356642665,fingerprints
FP_1737,0.011100512691038403,fingerprints
FP_1745,0.010769557053163797,fingerprints
FP_1599,0.0106168768268115,fingerprints
FP_1873,0.010606417499004843,fingerprints
FP_13,0.008311875744333572,fingerprints
FP_1088,0.008298317090422473,fingerprints
FP_1917,0.008236981322651767,fingerprints
FP_1911,0.008097305846519461,fingerprints
FP_1199,0.007482622383978823,fingerprints
FP_1951,0.007058292112090345,fingerprints
FP_913,0.007029915834387138,fingerprints
FP_322,0.006849368174326791,fingerprints
FP_935,0.006796913807357741,fingerprints
FP_1162,0.006713709887727734,fingerprints
FP_675,0.0067046089724819,fingerprints
FP_2005,0.006560004729557449,fingerprints
FP_1380,0.006467701616042384,fingerprints
FP_1750,0.006432977964474227,fingerprints
FP_1104,0.0063817492528579454,fingerprints
FP_1057,0.006271969612718728,fingerprints
FP_1422,0.005888155106643872,fingerprints
FP_222,0.005744891383816576,fingerprints
FP_251,0.005719990088208193,fingerprints
FP_694,0.005672618271042502,fingerprints
FP_1145,0.005567322857560606,fingerprints
FP_486,0.005397874940454906,fingerprints
FP_1143,0.00530406764075088,fingerprints
FP_875,0.005253229190948502,fingerprints
FP_1456,0.0052517437939977075,fingerprints
FP_482,0.005015570316883915,fingerprints
FP_313,0.00484343093609195,fingerprints
FP_1970,0.0047691960736252125,fingerprints
FP_147,0.004691773338885939,fingerprints
FP_192,0.004658616785518514,fingerprints
FP_1531,0.004535897956602168,fingerprints
FP_140,0.004502313898458085,fingerprints
FP_301,0.00449994465070769,fingerprints
FP_1391,0.004431048839264245,fingerprints
FP_623,0.004359855252104382,fingerprints
FP_328,0.0042505994517547715,fingerprints
FP_1,0.004241598172910489,fingerprints
FP_673,0.004198515292966078,fingerprints
FP_1564,0.0040864175599284736,fingerprints
FP_960,0.0040401693182663895,fingerprints
FP_1236,0.003963509683893776,fingerprints
FP_841,0.003938577435843271,fingerprints
FP_1126,0.00392714787572862,fingerprints
FP_1604,0.003896777729135177,fingerprints
FP_294,0.003868348072588763,fingerprints
FP_1171,0.003511434901582774,fingerprints
FP_661,0.0035044104241799792,fingerprints
FP_1729,0.0034232062270019704,fingerprints
FP_1019,0.0033976504915770437,fingerprints
FP_739,0.003313240928916961,fingerprints
FP_1292,0.0032945748043282496,fingerprints
FP_1480,0.003277559137391659,fingerprints
FP_753,0.0032721813696987966,fingerprints
FP_667,0.003256741437521881,fingerprints
FP_463,0.0032005820411818825,fingerprints
FP_838,0.0030640514758681096,fingerprints
FP_1114,0.003060119780710759,fingerprints
FP_915,0.0030502854598989273,fingerprints
FP_1984,0.0030295519650699234,fingerprints
FP_1963,0.003009328083701974,fingerprints
FP_1017,0.002973466946199878,fingerprints
FP_378,0.0029431654538434153,fingerprints
FP_1693,0.0029303876272774526,fingerprints
FP_1152,0.0029209849968050133,fingerprints
FP_523,0.0028758281943462626,fingerprints
FP_402,0.0028223683181457294,fingerprints
FP_1530,0.0027937810432169946,fingerprints
FP_162,0.002767657016609805,fingerprints
FP_528,0.0027006492784992604,fingerprints
FP_1060,0.00264642280527024,fingerprints
FP_1897,0.002636222190520634,fingerprints
FP_1934,0.002587640230934915,fingerprints
FP_1866,0.0025452167286477557,fingerprints
FP_1536,0.0025441726150441106,fingerprints
FP_826,0.0024875937782563424,fingerprints
FP_1257,0.002445897881168607,fingerprints
FP_1385,0.0024370918322670497,fingerprints
FP_74,0.0024335016879211396,fingerprints
FP_1767,0.002390263065400639,fingerprints
FP_878,0.0023791462141218383,fingerprints
FP_1280,0.0023707589071822435,fingerprints
FP_314,0.002324921392299291,fingerprints
FP_1452,0.002318121773400874,fingerprints
FP_1618,0.0022535067491801087,fingerprints
FP_197,0.0022265761431055847,fingerprints
FP_1457,0.0022250366984436823,fingerprints
FP_1928,0.002212460736475584,fingerprints
FP_1164,0.0021943529486620874,fingerprints
FP_1431,0.0021905035146234492,fingerprints
FP_1309,0.002183870547294685,fingerprints
FP_1816,0.0021585031437028846,fingerprints
FP_1792,0.002112373206933382,fingerprints
FP_2,0.0020975878562854767,fingerprints
FP_586,0.0020020855966159917,fingerprints
FP_1214,0.0019656847666293656,fingerprints
FP_1434,0.0019166209842981096,fingerprints
FP_1738,0.0019002799638926076,fingerprints
FP_1357,0.0018779836608491412,fingerprints
FP_1817,0.0018755862656395304,fingerprints
FP_1856,0.0018615246677069486,fingerprints
FP_606,0.0018336591643025519,fingerprints
FP_1476,0.00180816544653022,fingerprints
FP_1412,0.0017863095896423452,fingerprints
FP_1844,0.001753728727507232,fingerprints
FP_1631,0.0017500894256737658,fingerprints
FP_794,0.0016777584713785214,fingerprints
FP_1039,0.0016642691426834969,fingerprints
FP_1048,0.001663343726576788,fingerprints
FP_350,0.0016535133135239981,fingerprints
FP_417,0.0016481213554570082,fingerprints
FP_1534,0.001646982524263182,fingerprints
FP_573,0.0016364331559933086,fingerprints
FP_341,0.001631432833875985,fingerprints
FP_910,0.0016158381352817408,fingerprints
FP_983,0.0016150030005715012,fingerprints
FP_216,0.0016143025015381562,fingerprints
FP_97,0.0016128188667951405,fingerprints
FP_1263,0.0016067548498513383,fingerprints
FP_352,0.0015974049814136554,fingerprints
FP_1441,0.0015749119212205172,fingerprints
FP_1884,0.0015701556787818126,fingerprints
FP_312,0.001566566525349983,fingerprints
FP_1722,0.0015111480502155777,fingerprints
FP_1637,0.0015099598963778697,fingerprints
FP_323,0.0015078004652945142,fingerprints
FP_1573,0.0015049197357032698,fingerprints
FP_1568,0.0014967122060281703,fingerprints
FP_561,0.001491876142962646,fingerprints
FP_1404,0.0014887624096949284,fingerprints
FP_1290,0.001487167295265245,fingerprints
FP_893,0.0014765164918286884,fingerprints
FP_229,0.0014544063875344588,fingerprints
FP_957,0.0014435488758718653,fingerprints
FP_1416,0.0014399806296654149,fingerprints
FP_1771,0.0014361223263118558,fingerprints
FP_125,0.0014286351738242776,fingerprints
FP_109,0.001422795155616389,fingerprints
FP_336,0.00141483099354874,fingerprints
FP_1243,0.001410108848104662,fingerprints
FP_1001,0.0014011089291982876,fingerprints
FP_310,0.0013854972768826664,fingerprints
FP_69,0.0013777834189438417,fingerprints
FP_850,0.0013627679050907426,fingerprints
FP_1160,0.0013620397802775023,fingerprints
FP_1485,0.0013578194593297456,fingerprints
FP_840,0.0013568002854685824,fingerprints
FP_1597,0.001328321370708468,fingerprints
FP_191,0.0013252111150845799,fingerprints
FP_1602,0.001320230266063256,fingerprints
FP_63,0.0013189463878831675,fingerprints
FP_725,0.0013058670608363093,fingerprints
FP_1716,0.001305556212837297,fingerprints
FP_407,0.0013043567852814221,fingerprints
FP_689,0.0012899434014214737,fingerprints
FP_1592,0.0012840958576794436,fingerprints
FP_79,0.0012814050643031416,fingerprints
FP_1855,0.0012775260203749042,fingerprints
FP_1128,0.0012714434645375633,fingerprints
FP_1098,0.0012646007443954132,fingerprints
FP_41,0.00126349999770621,fingerprints
FP_448,0.0012596635277997384,fingerprints
FP_1096,0.0012596355305238194,fingerprints
FP_521,0.0012545901644734816,fingerprints
FP_1154,0.0012420082077658416,fingerprints
FP_1410,0.0012399101464481495,fingerprints
FP_1701,0.0012235589049622814,fingerprints
FP_2001,0.0012075100664266684,fingerprints
FP_208,0.001199661292981493,fingerprints
FP_1754,0.0011864936969765846,fingerprints
FP_329,0.0011822963189601114,fingerprints
FP_974,0.001170106292947677,fingerprints
FP_1795,0.001167622835828677,fingerprints
FP_25,0.0011614566145668238,fingerprints
FP_165,0.0011521272335869076,fingerprints
FP_1368,0.0011494641912976097,fingerprints
FP_1109,0.0011424669299804015,fingerprints
FP_720,0.0011361469682622824,fingerprints
FP_1349,0.0011319084011776612,fingerprints
FP_502,0.001130136781000085,fingerprints
FP_735,0.0011293184440001997,fingerprints
FP_1747,0.0011210926180918145,fingerprints
FP_1083,0.0011190227207753991,fingerprints
FP_1630,0.0011184133831750776,fingerprints
FP_319,0.0011149082931625818,fingerprints
FP_962,0.0011147184300110912,fingerprints
FP_1009,0.0011135794470798401,fingerprints
FP_148,0.0011127591248724657,fingerprints
FP_116,0.001107651198380819,fingerprints
FP_1138,0.001106776771086424,fingerprints
FP_1921,0.0011035326392122417,fingerprints
FP_249,0.0011024824099397116,fingerprints
FP_1810,0.001095605823745621,fingerprints
FP_1686,0.0010902707185860526,fingerprints
FP_617,0.0010829573490623496,fingerprints
FP_1804,0.0010781452298905788,fingerprints
FP_680,0.0010775611561493477,fingerprints
FP_1411,0.0010662115358610032,fingerprints
FP_1066,0.0010633995676084785,fingerprints
FP_950,0.0010529336638483682,fingerprints
FP_1791,0.0010505010326513707,fingerprints
FP_1317,0.0010491503987892024,fingerprints
FP_1708,0.0010490308553399018,fingerprints
FP_768,0.0010475115229139503,fingerprints
FP_1044,0.0010454701650780642,fingerprints
FP_1405,0.0010429211849797943,fingerprints
FP_410,0.001042438307875927,fingerprints
FP_67,0.001041276487375271,fingerprints
FP_1360,0.0010330032563825938,fingerprints
FP_114,0.001030482637987043,fingerprints
FP_487,0.0010215744730557514,fingerprints
FP_153,0.0010204834795748154,fingerprints
FP_823,0.0010165506678341612,fingerprints
FP_1182,0.0010113379915457376,fingerprints
FP_110,0.0010074993559784577,fingerprints
FP_737,0.0010004083812968352,fingerprints
FP_5,0.0009955957384312102,fingerprints
FP_931,0.0009819979361803237,fingerprints
FP_1653,0.0009801341235447924,fingerprints
FP_107,0.0009759237488626211,fingerprints
FP_803,0.000969050327050607,fingerprints
FP_283,0.0009662111274420107,fingerprints
FP_2000,0.0009567067511737422,fingerprints
FP_1697,0.0009553039370739101,fingerprints
FP_902,0.000954547530213786,fingerprints
FP_297,0.0009527814241550681,fingerprints
FP_886,0.0009511030444937352,fingerprints
FP_1989,0.0009302257828943303,fingerprints
FP_703,0.0009250566701904866,fingerprints
FP_1163,0.000921438317731907,fingerprints
FP_916,0.0009187266967140042,fingerprints
FP_1783,0.0009175133295330027,fingerprints
FP_591,0.0009120096289475198,fingerprints
FP_1187,0.0009102500260146655,fingerprints
FP_1348,0.0009101767290415245,fingerprints
FP_366,0.0009069146720204768,fingerprints
FP_204,0.0009035016136328348,fingerprints
FP_1195,0.0009011325833023211,fingerprints
FP_728,0.0008855665769140255,fingerprints
FP_1258,0.0008810389255045088,fingerprints
FP_976,0.0008782772209022205,fingerprints
FP_1578,0.0008734388549099419,fingerprints
FP_1507,0.0008698670876311087,fingerprints
FP_598,0.0008672191791847869,fingerprints
FP_1908,0.000862050192169003,fingerprints
FP_1590,0.0008526663339675697,fingerprints
FP_142,0.0008520882005734177,fingerprints
FP_423,0.0008474530091004463,fingerprints
FP_1238,0.0008444179767361529,fingerprints
FP_1121,0.0008382195155697813,fingerprints
FP_1665,0.0008374887721387905,fingerprints
FP_1892,0.0008358754745098841,fingerprints
FP_84,0.0008321224123743645,fingerprints
FP_998,0.0008316281165108817,fingerprints
FP_364,0.0008302156439906236,fingerprints
FP_1525,0.0008279971491936636,fingerprints
FP_1239,0.0008257895987449135,fingerprints
FP_857,0.0008215302097977833,fingerprints
FP_790,0.0008168759672261851,fingerprints
FP_595,0.000812708811869974,fingerprints
FP_1312,0.0008121379807311286,fingerprints
FP_827,0.0008045038491024939,fingerprints
FP_709,0.0008005536314042734,fingerprints
FP_1532,0.0007955033673979553,fingerprints
FP_1980,0.000794735806230009,fingerprints
FP_897,0.0007932914368122678,fingerprints
FP_653,0.0007931818741109544,fingerprints
FP_89,0.0007883504749972019,fingerprints
FP_308,0.0007828688500300682,fingerprints
FP_1758,0.0007777881444544459,fingerprints
FP_1502,0.0007773252351666366,fingerprints
FP_111,0.0007750160388592541,fingerprints
FP_349,0.0007689944388562997,fingerprints
FP_829,0.0007636835387784845,fingerprints
FP_1879,0.0007627846403996921,fingerprints
FP_1664,0.0007611890893265183,fingerprints
FP_121,0.0007562821853063783,fingerprints
FP_1594,0.000755340996464324,fingerprints
FP_843,0.0007540623621054368,fingerprints
FP_1089,0.0007532316473501368,fingerprints
FP_1453,0.0007527919826391934,fingerprints
FP_243,0.0007468269357329587,fingerprints
FP_65,0.0007429328296480676,fingerprints
FP_1690,0.0007420706767742986,fingerprints
FP_469,0.0007415891402232087,fingerprints
FP_2004,0.00074097550782608,fingerprints
FP_24,0.0007287131269794971,fingerprints
FP_1267,0.0007261669956143981,fingerprints
FP_1037,0.0007206581434751944,fingerprints
FP_1779,0.0007127828756048863,fingerprints
FP_494,0.0007077458714954979,fingerprints
FP_1045,0.0007043051905700393,fingerprints
FP_1838,0.0007029029658818419,fingerprints
FP_1859,0.0007027938259944371,fingerprints
FP_1287,0.0007017885466663958,fingerprints
FP_4,0.0007012701809221058,fingerprints
FP_207,0.0006910349342706989,fingerprints
FP_1034,0.0006885347222175231,fingerprints
FP_1087,0.0006863470772315296,fingerprints
FP_1101,0.0006843643933737312,fingerprints
FP_980,0.0006836932530627294,fingerprints
FP_290,0.0006817535001114703,fingerprints
FP_184,0.0006780933504378174,fingerprints
FP_1764,0.0006743341075471675,fingerprints
FP_300,0.000672812130755672,fingerprints
FP_202,0.0006721371857726832,fingerprints
FP_1097,0.0006720752300400114,fingerprints
FP_565,0.0006715808222189927,fingerprints
FP_1603,0.0006706773100093438,fingerprints
FP_2007,0.0006706575938126015,fingerprints
FP_1606,0.0006679838314925293,fingerprints
FP_480,0.0006624256258798905,fingerprints
FP_1313,0.0006622954173836693,fingerprints
FP_10,0.0006587309290601033,fingerprints
FP_132,0.0006559896185802079,fingerprints
FP_1543,0.0006514230672113737,fingerprints
FP_1910,0.0006492375174066985,fingerprints
FP_555,0.0006485982264366647,fingerprints
FP_1672,0.000640325333027914,fingerprints
FP_2042,0.0006401278289430931,fingerprints
FP_1102,0.0006387626086572676,fingerprints
FP_495,0.0006302345974793265,fingerprints
FP_289,0.0006282299230217966,fingerprints
FP_179,0.0006265880795102363,fingerprints
FP_51,0.0006233565564319435,fingerprints
FP_1393,0.0006178685472810512,fingerprints
FP_1020,0.0006153163897829585,fingerprints
FP_845,0.0006149858031563088,fingerprints
FP_497,0.0006127766545004582,fingerprints
FP_643,0.0006111827948465145,fingerprints
FP_2039,0.0006056281044599074,fingerprints
FP_1798,0.000602812388954135,fingerprints
FP_1110,0.0006007788278290368,fingerprints
FP_784,0.0006002143883888032,fingerprints
FP_1326,0.0006000858870054571,fingerprints
FP_1381,0.0005996461376663642,fingerprints
FP_634,0.000599157859825988,fingerprints
FP_842,0.0005962559997798246,fingerprints
FP_1778,0.0005948689327810485,fingerprints
FP_286,0.0005933754287557506,fingerprints
FP_690,0.0005917717196207129,fingerprints
FP_8,0.0005893194710755631,fingerprints
FP_716,0.0005849966907246498,fingerprints
FP_652,0.000584809112058556,fingerprints
FP_245,0.000582731577602187,fingerprints
FP_806,0.0005800703463871719,fingerprints
FP_507,0.0005798811061042676,fingerprints
FP_496,0.0005791048926000738,fingerprints
FP_930,0.0005783799287635771,fingerprints
FP_343,0.0005779413801865618,fingerprints
FP_1465,0.0005775948688827163,fingerprints
FP_1561,0.000572919390857777,fingerprints
FP_1977,0.0005725147349943529,fingerprints
FP_183,0.0005714854971410981,fingerprints
FP_836,0.0005688941005291232,fingerprints
FP_1731,0.0005683028078332248,fingerprints
FP_1437,0.000566728293817954,fingerprints
FP_1726,0.0005637323948587259,fingerprints
FP_481,0.0005611966400717766,fingerprints
FP_38,0.000560113003662107,fingerprints
FP_682,0.0005588909897492019,fingerprints
FP_265,0.0005575812087826073,fingerprints
FP_489,0.0005569667164392563,fingerprints
FP_769,0.0005479052872840063,fingerprints
FP_1516,0.0005453810932851037,fingerprints
FP_1224,0.0005402628151354632,fingerprints
FP_26,0.0005397052892942453,fingerprints
FP_981,0.0005380877330631697,fingerprints
FP_194,0.0005332604902475928,fingerprints
FP_547,0.0005314282721853406,fingerprints
FP_1365,0.0005284005942603257,fingerprints
FP_501,0.0005281802411109747,fingerprints
FP_1279,0.0005189040329954935,fingerprints
FP_1155,0.000518189312395018,fingerprints
FP_418,0.0005178182959949767,fingerprints
FP_1369,0.0005167954132219895,fingerprints
FP_1225,0.0005158078408580005,fingerprints
FP_1093,0.0005154519729878286,fingerprints
FP_671,0.0005148154601121061,fingerprints
FP_1511,0.0005148037768763686,fingerprints
FP_534,0.0005140258262049872,fingerprints
FP_415,0.0005121922842068254,fingerprints
FP_1657,0.0005110472070550598,fingerprints
FP_1022,0.0005103878922494859,fingerprints
FP_324,0.0005054068137297718,fingerprints
FP_590,0.0005028341058985546,fingerprints
FP_1278,0.0005025951549244228,fingerprints
FP_1219,0.0004957689974789538,fingerprints
FP_492,0.0004932120055374761,fingerprints
FP_1297,0.0004907642173353892,fingerprints
FP_1660,0.0004903980272106431,fingerprints
FP_1359,0.0004850288614468089,fingerprints
FP_1181,0.00048371100818177763,fingerprints
FP_989,0.0004825759213561512,fingerprints
FP_504,0.00048236947042176146,fingerprints
FP_29,0.00048219646940240356,fingerprints
FP_1203,0.00048142922317006485,fingerprints
FP_82,0.00048036683177730765,fingerprints
FP_1148,0.0004803291493760871,fingerprints
FP_102,0.00047684283761697166,fingerprints
FP_18,0.00047658493397860887,fingerprints
FP_811,0.00047571634117612934,fingerprints
FP_1235,0.0004744350017891974,fingerprints
FP_1284,0.00047327620583202955,fingerprints
FP_59,0.0004732350227871137,fingerprints
FP_975,0.00047256308070115947,fingerprints
FP_1174,0.0004724849280193625,fingerprints
FP_1663,0.00047236178828853983,fingerprints
FP_1142,0.0004699925000519593,fingerprints
FP_1805,0.00046957305735414084,fingerprints
FP_798,0.0004682539358929553,fingerprints
FP_425,0.0004671214769626688,fingerprints
FP_1427,0.00046358634033882363,fingerprints
FP_1619,0.0004629295418257577,fingerprints
FP_814,0.0004625594927566136,fingerprints
FP_603,0.00045771698530971147,fingerprints
FP_282,0.0004575585767828196,fingerprints
FP_1727,0.00045596998386808295,fingerprints
FP_295,0.0004554740463415683,fingerprints
FP_718,0.00045313563028718216,fingerprints
FP_401,0.00045263666692513835,fingerprints
FP_1069,0.000452582092679713,fingerprints
FP_2026,0.0004518325341177176,fingerprints
FP_1387,0.000448610591630569,fingerprints
FP_879,0.0004474997881031977,fingerprints
FP_899,0.00044732114879516985,fingerprints
FP_1450,0.0004472629312900411,fingerprints
FP_1361,0.00044607431859197287,fingerprints
FP_1601,0.00044400212033772983,fingerprints
FP_1463,0.0004425702159620266,fingerprints
FP_1221,0.00044237552722157386,fingerprints
FP_1586,0.00043732717944099456,fingerprints
FP_816,0.00043555928203212207,fingerprints
FP_610,0.000435475302518217,fingerprints
FP_777,0.00043386565914732604,fingerprints
FP_1683,0.00043138827620098835,fingerprints
FP_2033,0.00042907188040538396,fingerprints
FP_1498,0.00042752498252154945,fingerprints
FP_196,0.00042326446981840886,fingerprints
FP_1384,0.00041843352275278085,fingerprints
FP_427,0.0004174448156498112,fingerprints
FP_1254,0.000413934966514878,fingerprints
FP_620,0.0004134311169328263,fingerprints
FP_1692,0.0004131634892133186,fingerprints
FP_655,0.00041173438559376213,fingerprints
FP_500,0.00041170979229292074,fingerprints
FP_687,0.0004099481070475701,fingerprints
FP_2018,0.00040953585582896926,fingerprints
FP_1991,0.00040875172298230814,fingerprints
FP_450,0.00040834538431161867,fingerprints
FP_1228,0.00040761256520771317,fingerprints
FP_763,0.0004044649890681902,fingerprints
FP_326,0.0004038175863698045,fingerprints
FP_833,0.00040309204995725185,fingerprints
FP_52,0.0004029143343895341,fingerprints
FP_182,0.00040220508856100623,fingerprints
FP_993,0.000400528246960898,fingerprints
FP_348,0.00039893707299901675,fingerprints
FP_106,0.00039881273257705215,fingerprints
FP_917,0.0003980399830847006,fingerprints
FP_822,0.000397136083585372,fingerprints
FP_105,0.00039562239584744455,fingerprints
FP_1877,0.00039535939374596164,fingerprints
FP_1950,0.0003944940015715501,fingerprints
FP_256,0.000388849576854567,fingerprints
FP_242,0.0003886672085812459,fingerprints
FP_1296,0.0003878532860392217,fingerprints
FP_1981,0.0003869378259817653,fingerprints
FP_1038,0.00038444103207274855,fingerprints
FP_896,0.0003841497212701545,fingerprints
FP_146,0.0003840986164529542,fingerprints
FP_1479,0.00038318716131440183,fingerprints
FP_1402,0.00038066576013850344,fingerprints
FP_262,0.00037904355803439394,fingerprints
FP_1923,0.00037882914094683625,fingerprints
FP_271,0.0003782491173529914,fingerprints
FP_437,0.0003752597225548726,fingerprints
FP_883,0.0003730369015590705,fingerprints
FP_1281,0.0003725284582251877,fingerprints
FP_36,0.0003713998223481011,fingerprints
FP_860,0.0003707922839702789,fingerprints
FP_1477,0.00037018313363827596,fingerprints
FP_303,0.0003696671988574261,fingerprints
FP_1077,0.0003651675845813528,fingerprints
FP_373,0.00036254472073224447,fingerprints
FP_1260,0.0003624510496842689,fingerprints
FP_117,0.00036175536085505694,fingerprints
FP_190,0.0003601932273056732,fingerprints
FP_746,0.0003589324545827775,fingerprints
FP_228,0.0003577802129631452,fingerprints
FP_1099,0.0003544884474789842,fingerprints
FP_372,0.0003536785805062062,fingerprints
FP_1298,0.00034997292634402687,fingerprints
FP_890,0.0003487752365868466,fingerprints
FP_815,0.0003475318914405846,fingerprints
FP_519,0.00034685350966035195,fingerprints
FP_1938,0.0003457324820351308,fingerprints
FP_1759,0.00034414996061337186,fingerprints
FP_556,0.0003422260256070422,fingerprints
FP_1949,0.00034131122945210094,fingerprints
FP_2022,0.00033982807418030955,fingerprints
FP_559,0.00033973506132517733,fingerprints
FP_244,0.00033747299077767205,fingerprints
FP_325,0.00033723358566375414,fingerprints
FP_134,0.0003360067010968958,fingerprints
FP_11,0.0003351014736882181,fingerprints
FP_1979,0.0003330507939905389,fingerprints
FP_831,0.00033196201254417554,fingerprints
FP_1725,0.0003310019898579179,fingerprints
FP_1351,0.0003307232042647716,fingerprints
FP_2045,0.00032838435572664983,fingerprints
FP_1424,0.0003256876998140265,fingerprints
FP_1173,0.00032487930539466136,fingerprints
FP_485,0.00032425293454889305,fingerprints
FP_1432,0.00032394462480500477,fingerprints
FP_1444,0.00032342970064645044,fingerprints
FP_1512,0.0003191434028212561,fingerprints
FP_1120,0.0003184638377528178,fingerprints
FP_1669,0.00031755749883363016,fingerprints
FP_475,0.00031726025646190974,fingerprints
FP_304,0.0003172324247801342,fingerprints
FP_533,0.00031705224553952357,fingerprints
FP_639,0.000314890907647596,fingerprints
FP_562,0.00031240781517497717,fingerprints
FP_1964,0.0003120917770575144,fingerprints
FP_1103,0.00031201710749622144,fingerprints
FP_1265,0.0003114345174516014,fingerprints
FP_549,0.0003104352298784002,fingerprints
FP_1467,0.00031007341509415166,fingerprints
FP_867,0.00030982062490359907,fingerprints
FP_1399,0.0003096858498660264,fingerprints
FP_973,0.00030920153229141927,fingerprints
FP_1962,0.0003089467907229584,fingerprints
FP_601,0.0003087807205814191,fingerprints
FP_1638,0.0003084388370819385,fingerprints
FP_1886,0.00030774600303037024,fingerprints
FP_1842,0.00030634701499332115,fingerprints
FP_1982,0.00030576705508433214,fingerprints
FP_1150,0.00030536838512328453,fingerprints
FP_203,0.0003025292681481696,fingerprints
FP_884,0.00029783173042972953,fingerprints
FP_1466,0.0002955432805946596,fingerprints
FP_1330,0.0002954495844656097,fingerprints
FP_732,0.00029478055902744035,fingerprints
FP_1998,0.0002945811066640685,fingerprints
FP_1868,0.00029423462986410146,fingerprints
FP_589,0.0002942286765779707,fingerprints
FP_516,0.00029161857939957205,fingerprints
FP_344,0.00029152438919097235,fingerprints
FP_119,0.00029140209870751754,fingerprints
FP_1896,0.00029065202058115735,fingerprints
FP_530,0.00028962531855192383,fingerprints
FP_281,0.0002893157498440687,fingerprints
FP_361,0.0002892081273498446,fingerprints
FP_1574,0.000287647607400798,fingerprints
FP_1494,0.0002873001373402494,fingerprints
FP_368,0.0002872157423645652,fingerprints
FP_145,0.0002870251885895377,fingerprints
FP_1733,0.0002848310488779398,fingerprints
FP_255,0.00028447007050177623,fingerprints
FP_1882,0.0002832992745148571,fingerprints
FP_1352,0.00028325772254631046,fingerprints
FP_1513,0.00028273050994053996,fingerprints
FP_28,0.00028235411319411664,fingerprints
FP_1732,0.0002802834060363721,fingerprints
FP_384,0.0002795292350846129,fingerprints
FP_288,0.00027817836489192323,fingerprints
FP_727,0.0002755583547369609,fingerprints
FP_1518,0.000271745611670646,fingerprints
FP_250,0.00027147089545960756,fingerprints
FP_231,0.00027136854793986814,fingerprints
FP_1876,0.00027030417592822443,fingerprints
FP_357,0.0002702056599725473,fingerprints
FP_1546,0.00026994980326671894,fingerprints
FP_411,0.00026693862594825616,fingerprints
FP_1809,0.00026601743256136077,fingerprints
FP_1340,0.0002652156078952425,fingerprints
FP_1286,0.00026462281853267876,fingerprints
FP_1471,0.00026420846929814287,fingerprints
FP_1909,0.00026329148364857537,fingerprints
FP_1184,0.0002627083116601741,fingerprints
FP_1860,0.00026261009582766284,fingerprints
FP_273,0.00026204094075570067,fingerprints
FP_970,0.00026165938486687483,fingerprints
FP_1772,0.0002615045713318409,fingerprints
FP_710,0.0002603502288604256,fingerprints
FP_1741,0.0002586901634058399,fingerprints
FP_383,0.0002585036697973642,fingerprints
FP_193,0.0002575249972006328,fingerprints
FP_1825,0.00025667708906754427,fingerprints
FP_1914,0.00025529525262450064,fingerprints
FP_1475,0.00025485731783418344,fingerprints
FP_1730,0.0002544805873433975,fingerprints
FP_118,0.0002543464821816632,fingerprints
FP_909,0.00025421115168521117,fingerprints
FP_1189,0.0002536806974409155,fingerprints
FP_1581,0.0002535079554297937,fingerprints
FP_347,0.0002518951738314905,fingerprints
FP_387,0.00025173688219465496,fingerprints
FP_1386,0.0002515602041239457,fingerprints
FP_1922,0.0002513459026536113,fingerprints
FP_1862,0.00025095024433114874,fingerprints
FP_1678,0.000250511935420401,fingerprints
FP_819,0.0002503366968242234,fingerprints
FP_1216,0.00024923683950756607,fingerprints
FP_920,0.000247678338299455,fingerprints
FP_758,0.0002475604556556057,fingerprints
FP_1623,0.0002472122554378139,fingerprints
FP_1024,0.0002460249591325587,fingerprints
FP_785,0.0002452241666228035,fingerprints
FP_1304,0.00024508647252687195,fingerprints
FP_1043,0.00024505111000570136,fingerprints
FP_972,0.00024471579974156714,fingerprints
FP_1363,0.0002443650091027243,fingerprints
FP_1559,0.00024296102745867946,fingerprints
FP_267,0.00024179598850671192,fingerprints
FP_952,0.00024154247064863055,fingerprints
FP_2034,0.00024145520686843017,fingerprints
FP_713,0.00024124093200186955,fingerprints
FP_1375,0.00023762565087876496,fingerprints
FP_835,0.00023746000932520328,fingerprints
FP_594,0.00023641681916923947,fingerprints
FP_1307,0.00023583905128617962,fingerprints
FP_1926,0.00023579623534757365,fingerprints
FP_1293,0.00023498813824087978,fingerprints
FP_954,0.00023428513945028206,fingerprints
FP_677,0.00023358381677521123,fingerprints
FP_949,0.00023228323409687487,fingerprints
FP_1567,0.00023201913820026547,fingerprints
FP_664,0.0002317258137054665,fingerprints
FP_1147,0.0002315167350032537,fingerprints
FP_2043,0.00023108996096742767,fingerprints
FP_354,0.0002310495506931136,fingerprints
FP_512,0.0002301109103326896,fingerprints
FP_1688,0.0002290903075893921,fingerprints
FP_772,0.00022873378970112934,fingerprints
FP_1300,0.00022857496764017824,fingerprints
FP_1071,0.00022812878676485703,fingerprints
FP_1799,0.00022812431248779347,fingerprints
FP_1449,0.00022797818553493439,fingerprints
FP_1366,0.00022721654020852464,fingerprints
FP_1231,0.00022717218984523351,fingerprints
FP_1482,0.00022528520331398352,fingerprints
FP_966,0.00022383069633256298,fingerprints
FP_129,0.00022251151086992798,fingerprints
FP_1075,0.0002224097362157671,fingerprints
FP_522,0.00022202175592537105,fingerprints
FP_1294,0.00022172692964922842,fingerprints
FP_781,0.00022133845715552623,fingerprints
FP_1210,0.00022071258711396158,fingerprints
FP_122,0.00022047934261886472,fingerprints
FP_1609,0.00021760813956252042,fingerprints
FP_2003,0.0002166076420464948,fingerprints
FP_1232,0.00021646763665209034,fingerprints
FP_700,0.00021564456006697917,fingerprints
FP_131,0.00021541203749614614,fingerprints
FP_474,0.0002148647300475222,fingerprints
FP_731,0.000214482740308135,fingerprints
FP_542,0.00021384584631301034,fingerprints
FP_1433,0.00021333553950530712,fingerprints
FP_1487,0.0002124904434459859,fingerprints
FP_1871,0.00021233506063366938,fingerprints
FP_1049,0.00021023154221685395,fingerprints
FP_213,0.00020967665222697472,fingerprints
FP_1373,0.00020884783250187716,fingerprints
FP_979,0.00020811163726597778,fingerprints
FP_932,0.0002078270609203745,fingerprints
FP_1040,0.0002072614006402205,fingerprints
FP_1996,0.0002069071363013575,fingerprints
FP_210,0.0002067586575724822,fingerprints
FP_353,0.00020634459398665637,fingerprints
FP_1551,0.00020626382640359555,fingerprints
FP_124,0.00020610960700237688,fingerprints
FP_270,0.0002051374346679297,fingerprints
FP_1902,0.00020478097272467408,fingerprints
FP_1379,0.00020458846439130705,fingerprints
FP_1347,0.0002033760457321162,fingerprints
FP_872,0.0002029478260398481,fingerprints
FP_1322,0.0002019556953001452,fingerprints
FP_631,0.00020177680337959167,fingerprints
FP_1889,0.0002012500460025192,fingerprints
FP_227,0.00020047493810231912,fingerprints
FP_1768,0.00020002755302165421,fingerprints
FP_880,0.00019997813496471493,fingerprints
FP_1376,0.00019913430157557417,fingerprints
FP_1797,0.00019748539745797185,fingerprints
FP_293,0.00019745764892082078,fingerprints
FP_1448,0.00019717808893579203,fingerprints
FP_419,0.00019563864689311824,fingerprints
FP_914,0.00019418089865041525,fingerprints
FP_444,0.00019370146593033978,fingerprints
FP_1676,0.00019342391686110065,fingerprints
FP_1036,0.000193298777242497,fingerprints
FP_1131,0.0001922520140844246,fingerprints
FP_2013,0.00019201999344718276,fingerprints
FP_668,0.00019189201646532467,fingerprints
FP_1823,0.00019122341183977902,fingerprints
FP_151,0.00019081658641742345,fingerprints
FP_99,0.0001904164638688589,fingerprints
FP_35,0.00018998251825073597,fingerprints
FP_745,0.00018985982818428156,fingerprints
FP_1063,0.00018911775288131343,fingerprints
FP_263,0.00018873039537969526,fingerprints
FP_292,0.00018853869371096847,fingerprints
FP_272,0.00018798389097231613,fingerprints
FP_1345,0.00018780995018604255,fingerprints
FP_788,0.00018600674251656102,fingerprints
FP_672,0.0001858615929649652,fingerprints
FP_1398,0.00018565522158497553,fingerprints
FP_71,0.0001854820038332268,fingerprints
FP_751,0.00018489763722845577,fingerprints
FP_1004,0.00018396975778913548,fingerprints
FP_1423,0.00018343441745604343,fingerprints
FP_1137,0.00018339263059183428,fingerprints
FP_810,0.00018290979172728812,fingerprints
FP_882,0.00018269052784810689,fingerprints
FP_1691,0.00018192627929838052,fingerprints
FP_1417,0.0001818989188972204,fingerprints
FP_1999,0.00018175584238155687,fingerprints
FP_1562,0.0001816814057038533,fingerprints
FP_1251,0.0001814634595530271,fingerprints
FP_1765,0.00018125598759795249,fingerprints
FP_225,0.00018095801329772498,fingerprints
FP_1847,0.00018048989927499056,fingerprints
FP_1582,0.00018025814083625944,fingerprints
FP_161,0.00017964360302274963,fingerprints
FP_1341,0.00017903397628590403,fingerprints
FP_511,0.00017881801682390958,fingerprints
FP_1295,0.0001787429076994357,fingerprints
FP_1233,0.00017814870828124584,fingerprints
FP_846,0.00017768085958381406,fingerprints
FP_1946,0.00017702734237547675,fingerprints
FP_1752,0.00017595412079645027,fingerprints
FP_985,0.0001757449859675597,fingerprints
FP_545,0.00017565573087449207,fingerprints
FP_1702,0.00017554321739996862,fingerprints
FP_33,0.0001754722124712798,fingerprints
FP_1503,0.00017543122772782925,fingerprints
FP_345,0.00017463599879723838,fingerprints
FP_274,0.0001744930616683634,fingerprints
FP_1905,0.00017401870802658548,fingerprints
FP_48,0.00017398226411772255,fingerprints
FP_1840,0.00017283338992563895,fingerprints
FP_1861,0.00017272860602827756,fingerprints
FP_1190,0.000172424230625455,fingerprints
FP_1409,0.0001717942053890336,fingerprints
FP_1157,0.0001717235248981031,fingerprints
FP_1995,0.00017141907989252824,fingerprints
FP_305,0.00017081990624216714,fingerprints
FP_172,0.0001700051209735041,fingerprints
FP_592,0.0001677829186880038,fingerprints
FP_1580,0.00016696517367746188,fingerprints
FP_925,0.00016668358153920955,fingerprints
FP_375,0.0001661429303618436,fingerprints
FP_14,0.00016436502490696145,fingerprints
FP_318,0.00016371788893662642,fingerprints
FP_61,0.00016266225518980556,fingerprints
FP_1600,0.00016241951151445597,fingerprints
FP_1607,0.00016188551660528311,fingerprints
FP_1172,0.0001608576930473006,fingerprints
FP_550,0.00016045005889769078,fingerprints
FP_1549,0.00016013104133131767,fingerprints
FP_1948,0.0001599281389523755,fingerprints
FP_261,0.00015989867217183344,fingerprints
FP_1495,0.00015825809168879294,fingerprints
FP_1082,0.00015795872873851507,fingerprints
FP_1763,0.00015700257736744593,fingerprints
FP_1993,0.00015654265002649213,fingerprints
FP_1521,0.00015617848891940307,fingerprints
FP_1008,0.00015615712945016703,fingerprints
FP_733,0.00015587096656567836,fingerprints
FP_1794,0.0001555073858556211,fingerprints
FP_633,0.00015547238078132496,fingerprints
FP_1760,0.00015456390626085816,fingerprints
FP_452,0.00015422740258662875,fingerprints
FP_333,0.0001540564945542012,fingerprints
FP_1430,0.00015333515719455083,fingerprints
FP_1496,0.000153131144578302,fingerprints
FP_498,0.0001527105853378449,fingerprints
FP_859,0.00015220465225352327,fingerprints
FP_2014,0.00015156435457300873,fingerprints
FP_2002,0.00015154041572863343,fingerprints
FP_978,0.00015103317549637138,fingerprints
FP_948,0.00015095884715536748,fingerprints
FP_570,0.0001509496879769146,fingerprints
FP_380,0.00014966866085444882,fingerprints
FP_1168,0.00014951535719454352,fingerprints
FP_1994,0.00014949123186944874,fingerprints
FP_1429,0.00014843535109870006,fingerprints
FP_582,0.0001481874725776852,fingerprints
FP_454,0.0001479264591024549,fingerprints
FP_136,0.00014782412289405362,fingerprints
FP_1915,0.0001475514115147727,fingerprints
FP_1612,0.00014709500199327138,fingerprints
FP_2041,0.0001468739781001826,fingerprints
FP_1869,0.00014672681846661788,fingerprints
FP_888,0.00014657792132841593,fingerprints
FP_83,0.0001456933960560558,fingerprints
FP_711,0.0001455679022892948,fingerprints
FP_1070,0.000145148372221752,fingerprints
FP_638,0.00014513375534508326,fingerprints
FP_611,0.00014490552096033018,fingerprints
FP_1830,0.000142555591543701,fingerprints
FP_1392,0.00014219964335146018,fingerprints
FP_1274,0.00014201676920994752,fingerprints
FP_1522,0.00014161181271526733,fingerprints
FP_1851,0.0001404644812023643,fingerprints
FP_1770,0.00014009185956756032,fingerprints
FP_997,0.00013994599960482203,fingerprints
FP_660,0.00013768598965138815,fingerprints
FP_236,0.00013580814603927758,fingerprints
FP_211,0.00013563836773981038,fingerprints
FP_1942,0.00013389920916605388,fingerprints
FP_905,0.00013324690619747617,fingerprints
FP_1356,0.00013305282889506095,fingerprints
FP_1064,0.0001329319321243577,fingerprints
FP_1579,0.00013249466355466782,fingerprints
FP_923,0.00013209074552117525,fingerprints
FP_953,0.0001318814755913476,fingerprints
FP_722,0.000131382657021557,fingerprints
FP_937,0.0001313571322728088,fingerprints
FP_943,0.00013118536078437023,fingerprints
FP_175,0.00013099471075198878,fingerprints
FP_593,0.00013086509631597958,fingerprints
FP_55,0.0001303871660642914,fingerprints
FP_428,0.00012976825711964417,fingerprints
FP_436,0.0001294071330453657,fingerprints
FP_385,0.0001290472186516973,fingerprints
FP_1227,0.0001280782217637403,fingerprints
FP_394,0.0001276584277542908,fingerprints
FP_1156,0.00012712212887961848,fingerprints
FP_1074,0.00012705188996232268,fingerprints
FP_1899,0.0001265380767486441,fingerprints
FP_1806,0.00012636666075234706,fingerprints
FP_252,0.00012579528232994276,fingerprints
FP_1553,0.00012554516221495313,fingerprints
FP_1079,0.00012551685562334103,fingerprints
FP_1010,0.00012468815355923775,fingerprints
FP_218,0.0001243556503288461,fingerprints
FP_553,0.00012404761726280084,fingerprints
FP_478,0.00012371544674161282,fingerprints
FP_795,0.00012358267555514647,fingerprints
FP_1781,0.00012317709666827698,fingerprints
FP_1504,0.00012269332243563616,fingerprints
FP_170,0.00012258292372715034,fingerprints
FP_1941,0.00012159140640363185,fingerprints
FP_602,0.0001214348521773211,fingerprints
FP_1447,0.00012036306105685449,fingerprints
FP_431,0.00012021447123902367,fingerprints
FP_1904,0.00011927442880251174,fingerprints
FP_904,0.00011906684923646713,fingerprints
FP_266,0.00011832918075641126,fingerprints
FP_1761,0.0001180964823895899,fingerprints
FP_137,0.0001180943142664578,fingerprints
FP_58,0.00011805770843709042,fingerprints
FP_849,0.00011769678896570214,fingerprints
FP_585,0.00011713505027264032,fingerprints
FP_1616,0.00011657320153717231,fingerprints
FP_958,0.0001161934608817307,fingerprints
FP_971,0.00011619261758941121,fingerprints
FP_1208,0.00011588807432460974,fingerprints
FP_1315,0.00011570398416637571,fingerprints
FP_1875,0.00011547327325064144,fingerprints
FP_1643,0.00011317687298368216,fingerprints
FP_936,0.00011317279089667867,fingerprints
FP_1275,0.00011302628741023301,fingerprints
FP_163,0.0001129302779709725,fingerprints
FP_321,0.00011292885684309078,fingerprints
FP_1864,0.00011273937289688208,fingerprints
FP_796,0.00011270496831091055,fingerprints
FP_691,0.00011243025343671937,fingerprints
FP_233,0.0001121388952264851,fingerprints
FP_441,0.00011191668874667379,fingerprints
FP_2038,0.00011101167454784375,fingerprints
FP_253,0.00011063625653472836,fingerprints
FP_1974,0.00011062227211543656,fingerprints
FP_1047,0.000110320169980267,fingerprints
FP_646,0.0001098540841305217,fingerprints
FP_101,0.00010957850733602279,fingerprints
FP_858,0.00010942160857034423,fingerprints
FP_120,0.00010872330543897837,fingerprints
FP_1165,0.00010861786300392561,fingerprints
FP_1003,0.00010861555454395869,fingerprints
FP_564,0.00010850844507238257,fingerprints
FP_317,0.00010836735388520097,fingerprints
FP_1912,0.00010834702111562438,fingerprints
FP_837,0.0001076320662099473,fingerprints
FP_1397,0.00010713969828018058,fingerprints
FP_940,0.00010713282062826474,fingerprints
FP_257,0.00010573511110813143,fingerprints
FP_895,0.0001051003261218796,fingerprints
FP_92,0.00010509275635785096,fingerprints
FP_112,0.00010452235744550993,fingerprints
FP_1211,0.0001040456809164641,fingerprints
FP_1711,0.00010363453578668306,fingerprints
FP_924,0.00010247180548500464,fingerprints
FP_311,0.00010168957088534877,fingerprints
FP_1248,0.00010116304682553497,fingerprints
FP_1640,0.00010075049662942436,fingerprints
FP_1256,0.0001007278482822814,fingerprints
FP_287,0.0001005846728073865,fingerprints
FP_1355,0.00010042013484033259,fingerprints
FP_1939,0.00010038231151694316,fingerprints
FP_298,0.00010028223858070974,fingerprints
FP_403,0.00010027407130148687,fingerprints
FP_647,0.00010014881570800233,fingerprints
FP_1843,9.964774825829727e-05,fingerprints
FP_1350,9.880361387082465e-05,fingerprints
FP_688,9.860488252624447e-05,fingerprints
FP_1035,9.803388148871496e-05,fingerprints
FP_546,9.712411859622098e-05,fingerprints
FP_1583,9.700726361984683e-05,fingerprints
FP_466,9.695799546911271e-05,fingerprints
FP_1338,9.69256015710176e-05,fingerprints
FP_1992,9.689577460397275e-05,fingerprints
FP_1318,9.687074379549992e-05,fingerprints
FP_1073,9.666221548163261e-05,fingerprints
FP_1129,9.658428526523505e-05,fingerprints
FP_662,9.506343086991647e-05,fingerprints
FP_1419,9.456931279611573e-05,fingerprints
FP_1454,9.45451596493332e-05,fingerprints
FP_280,9.383594851161517e-05,fingerprints
FP_934,9.337026601240665e-05,fingerprints
FP_847,9.296258741805602e-05,fingerprints
FP_339,9.28945161968962e-05,fingerprints
FP_1127,9.28422645571301e-05,fingerprints
FP_1654,9.228490107114031e-05,fingerprints
FP_195,9.183205644230543e-05,fingerprints
FP_382,9.161460629576294e-05,fingerprints
FP_1740,9.15596214562238e-05,fingerprints
FP_1891,9.133167085567377e-05,fingerprints
FP_988,9.119535111529034e-05,fingerprints
FP_514,9.102052656812472e-05,fingerprints
FP_2020,9.095180176297668e-05,fingerprints
FP_94,9.035171626889943e-05,fingerprints
FP_1249,9.022858553071772e-05,fingerprints
FP_1829,8.951475350655584e-05,fingerprints
FP_636,8.917293692184425e-05,fingerprints
FP_234,8.906998498254928e-05,fingerprints
FP_1059,8.878684843934817e-05,fingerprints
FP_1819,8.877644567999855e-05,fingerprints
FP_1978,8.875888223815767e-05,fingerprints
FP_1883,8.853576702796857e-05,fingerprints
FP_705,8.820385005676789e-05,fingerprints
FP_398,8.800028051469743e-05,fingerprints
FP_1639,8.774197811546399e-05,fingerprints
FP_800,8.768315393781828e-05,fingerprints
FP_277,8.718228141305598e-05,fingerprints
FP_490,8.716860842497738e-05,fingerprints
FP_320,8.709723883937744e-05,fingerprints
FP_19,8.599459737111456e-05,fingerprints
FP_369,8.532701622811827e-05,fingerprints
FP_991,8.512744761808946e-05,fingerprints
FP_37,8.502751105171703e-05,fingerprints
FP_1320,8.49790229354016e-05,fingerprints
FP_1202,8.483276024261718e-05,fingerprints
FP_1268,8.469763848632522e-05,fingerprints
FP_1796,8.413675684832041e-05,fingerprints
FP_1247,8.366036251473275e-05,fingerprints
FP_342,8.336092460088456e-05,fingerprints
FP_1801,8.319442008127313e-05,fingerprints
FP_457,8.289114461470583e-05,fingerprints
FP_1285,8.276968273210676e-05,fingerprints
FP_1824,8.201776801384075e-05,fingerprints
FP_779,8.17910664398605e-05,fingerprints
FP_1572,8.16710659609133e-05,fingerprints
FP_1931,8.155364425302178e-05,fingerprints
FP_468,8.148573958346364e-05,fingerprints
FP_852,8.123736457978046e-05,fingerprints
FP_1587,8.072156691776164e-05,fingerprints
FP_1924,8.02262587985459e-05,fingerprints
FP_637,7.936237113281112e-05,fingerprints
FP_1863,7.927801685802746e-05,fingerprints
FP_127,7.912168540900157e-05,fingerprints
FP_1789,7.905109871652374e-05,fingerprints
FP_520,7.884603497633906e-05,fingerprints
FP_830,7.861212152960432e-05,fingerprints
FP_987,7.854910676442602e-05,fingerprints
FP_648,7.848682170965733e-05,fingerprints
FP_912,7.783717780994016e-05,fingerprints
FP_641,7.781702369742957e-05,fingerprints
FP_1277,7.76921538259262e-05,fingerprints
FP_212,7.669359309617769e-05,fingerprints
FP_1158,7.661220630833518e-05,fingerprints
FP_612,7.617281186839387e-05,fingerprints
FP_766,7.598654527993548e-05,fingerprints
FP_1563,7.595584010276657e-05,fingerprints
FP_967,7.567451208436636e-05,fingerprints
FP_1677,7.481094999075256e-05,fingerprints
FP_1460,7.464121079856604e-05,fingerprints
FP_408,7.440836693665441e-05,fingerprints
FP_1721,7.440317378687458e-05,fingerprints
FP_1566,7.302677387899504e-05,fingerprints
FP_54,7.270773576286584e-05,fingerprints
FP_1006,7.258900807952092e-05,fingerprints
FP_824,7.253641945286845e-05,fingerprints
FP_1560,7.196121496013147e-05,fingerprints
FP_1394,7.178790895098816e-05,fingerprints
FP_717,7.173718161947613e-05,fingerprints
FP_730,7.12652427002593e-05,fingerprints
FP_657,7.117248423488716e-05,fingerprints
FP_681,7.068455848914854e-05,fingerprints
FP_96,7.066251900402454e-05,fingerprints
FP_1554,7.008476298950071e-05,fingerprints
FP_1846,7.000066599726625e-05,fingerprints
FP_583,6.879928493983693e-05,fingerprints
FP_214,6.847849143677213e-05,fingerprints
FP_88,6.8140402378373e-05,fingerprints
FP_1769,6.812699359449396e-05,fingerprints
FP_1569,6.811745082112177e-05,fingerprints
FP_990,6.791367901429883e-05,fingerprints
FP_397,6.75496364675976e-05,fingerprints
FP_1242,6.671500916566722e-05,fingerprints
FP_1556,6.6677564159259e-05,fingerprints
FP_692,6.616307558894627e-05,fingerprints
FP_346,6.588465714386345e-05,fingerprints
FP_180,6.567684508928494e-05,fingerprints
FP_370,6.494658533011317e-05,fingerprints
FP_1180,6.491727378855372e-05,fingerprints
FP_1681,6.416529194321469e-05,fingerprints
FP_1685,6.357583810104306e-05,fingerprints
FP_391,6.349733658648436e-05,fingerprints
FP_1478,6.34657853317596e-05,fingerprints
FP_1031,6.333847753750219e-05,fingerprints
FP_1519,6.331601205804375e-05,fingerprints
FP_363,6.307832648852932e-05,fingerprints
FP_66,6.30378420466299e-05,fingerprints
FP_1130,6.279735966026033e-05,fingerprints
FP_379,6.25782757815236e-05,fingerprints
FP_90,6.253751676151242e-05,fingerprints
FP_505,6.241830347832214e-05,fingerprints
FP_1933,6.083926339823199e-05,fingerprints
FP_544,6.040550410069885e-05,fingerprints
FP_1002,6.0270857769369176e-05,fingerprints
FP_157,5.996541088583963e-05,fingerprints
FP_1997,5.982042147224068e-05,fingerprints
FP_1800,5.977298552034672e-05,fingerprints
FP_604,5.963237645466758e-05,fingerprints
FP_1105,5.9125060483460404e-05,fingerprints
FP_1671,5.8934372530521807e-05,fingerprints
FP_618,5.859095971115885e-05,fingerprints
FP_584,5.8201982867833264e-05,fingerprints
FP_1625,5.8017092415616315e-05,fingerprints
FP_269,5.7873002906280576e-05,fingerprints
FP_828,5.778709526528888e-05,fingerprints
FP_1282,5.762432726212077e-05,fingerprints
FP_1435,5.7007635158971023e-05,fingerprints
FP_1524,5.660465127257659e-05,fingerprints
FP_160,5.655558644867032e-05,fingerprints
FP_44,5.650735658566992e-05,fingerprints
FP_540,5.6112746508527466e-05,fingerprints
FP_1621,5.599243367025499e-05,fingerprints
FP_95,5.595643426742466e-05,fingerprints
FP_278,5.577510030797564e-05,fingerprints
FP_104,5.5430854198599484e-05,fingerprints
FP_1720,5.5416698066240045e-05,fingerprints
FP_1484,5.429776518101369e-05,fingerprints
FP_1072,5.4259927565914726e-05,fingerprints
FP_435,5.398968685696147e-05,fingerprints
FP_1408,5.386772859340686e-05,fingerprints
FP_977,5.385650407413206e-05,fingerprints
FP_1774,5.3850051167685026e-05,fingerprints
FP_613,5.359609033526224e-05,fingerprints
FP_467,5.356774076719467e-05,fingerprints
FP_1710,5.323400426604967e-05,fingerprints
FP_854,5.306365491161995e-05,fingerprints
FP_578,5.2928030556286524e-05,fingerprints
FP_87,5.25277465257222e-05,fingerprints
FP_1945,5.1946533431747416e-05,fingerprints
FP_362,5.130389721352575e-05,fingerprints
FP_189,5.11316723976977e-05,fingerprints
FP_488,5.080352550457607e-05,fingerprints
FP_1328,5.056651982721843e-05,fingerprints
FP_154,5.0479098604174416e-05,fingerprints
FP_801,4.96626973515181e-05,fingerprints
FP_1018,4.9241734527738965e-05,fingerprints
FP_1608,4.903829429221037e-05,fingerprints
FP_607,4.8789494747402047e-05,fingerprints
FP_22,4.866298911932297e-05,fingerprints
FP_1930,4.823225649998128e-05,fingerprints
FP_1656,4.7923611337670355e-05,fingerprints
FP_532,4.760239561965858e-05,fingerprints
FP_1273,4.703676103054878e-05,fingerprints
FP_1865,4.698420203518315e-05,fingerprints
FP_1957,4.676651533737906e-05,fingerprints
FP_642,4.649718601888732e-05,fingerprints
FP_405,4.561705559033321e-05,fingerprints
FP_1831,4.525298259755709e-05,fingerprints
FP_1565,4.4849033880263995e-05,fingerprints
FP_296,4.479832493960924e-05,fingerprints
FP_1786,4.435039486166225e-05,fingerprints
FP_1272,4.417263130954408e-05,fingerprints
FP_1777,4.329578981293777e-05,fingerprints
FP_108,4.288589390139621e-05,fingerprints
FP_1827,4.2415691975239505e-05,fingerprints
FP_2046,4.2237116147931925e-05,fingerprints
FP_792,4.203543462894795e-05,fingerprints
FP_789,4.196759982690903e-05,fingerprints
FP_1626,4.1936199778176295e-05,fingerprints
FP_1742,4.162784826470835e-05,fingerprints
FP_1555,4.152126362026365e-05,fingerprints
FP_770,4.142763331854884e-05,fingerprints
FP_443,4.118139462868915e-05,fingerprints
FP_701,4.077083047618833e-05,fingerprints
FP_630,4.057094185488973e-05,fingerprints
FP_1699,4.027389820878824e-05,fingerprints
FP_429,3.9958779373481225e-05,fingerprints
FP_56,3.939051336727005e-05,fingerprints
FP_449,3.883258915830857e-05,fingerprints
FP_1815,3.8542441596016743e-05,fingerprints
FP_424,3.767846354072726e-05,fingerprints
FP_358,3.7598130085903185e-05,fingerprints
FP_16,3.7156461805225504e-05,fingerprints
FP_1680,3.681115285169985e-05,fingerprints
FP_696,3.64740754962215e-05,fingerprints
FP_1136,3.5673088878418956e-05,fingerprints
FP_1552,3.533780020526549e-05,fingerprints
FP_760,3.501795627674491e-05,fingerprints
FP_351,3.4568068253019696e-05,fingerprints
FP_1967,3.436925493799734e-05,fingerprints
FP_149,3.400346975689572e-05,fingerprints
FP_1661,3.39970250192918e-05,fingerprints
FP_374,3.360225950281137e-05,fingerprints
FP_874,3.304224450252684e-05,fingerprints
FP_164,3.2895134080273207e-05,fingerprints
FP_332,3.272562289862296e-05,fingerprints
FP_50,3.1915043519607076e-05,fingerprints
FP_787,3.174641307842685e-05,fingerprints
FP_1736,3.1552760502514233e-05,fingerprints
FP_1596,3.128890351465028e-05,fingerprints
FP_1042,3.0735365971233186e-05,fingerprints
FP_1470,3.052492212252027e-05,fingerprints
FP_651,3.009111702194257e-05,fingerprints
FP_1367,2.996919907581326e-05,fingerprints
FP_1689,2.9944162680485812e-05,fingerprints
FP_1510,2.9785656167155008e-05,fingerprints
FP_1955,2.970722917433394e-05,fingerprints
FP_868,2.9585755941784673e-05,fingerprints
FP_1628,2.9435385795071388e-05,fingerprints
FP_1223,2.9121428522403124e-05,fingerprints
FP_525,2.8140119553496668e-05,fingerprints
FP_994,2.675522895577471e-05,fingerprints
FP_185,2.664990615000752e-05,fingerprints
FP_453,2.6493277599008673e-05,fingerprints
FP_1679,2.602390481754586e-05,fingerprints
FP_1052,2.571213725827192e-05,fingerprints
FP_2011,2.5316260437341333e-05,fingerprints
FP_1306,2.488490584313774e-05,fingerprints
FP_239,2.4538658953122663e-05,fingerprints
FP_39,2.415202837506817e-05,fingerprints
FP_2008,2.382198246821376e-05,fingerprints
FP_1299,2.3563055472423975e-05,fingerprints
FP_515,2.3513700557379875e-05,fingerprints
FP_1803,2.3097903695027846e-05,fingerprints
FP_1086,2.288121034733652e-05,fingerprints
FP_1091,2.2754703217275707e-05,fingerprints
FP_1837,2.1527612042034132e-05,fingerprints
FP_678,2.1462116642273767e-05,fingerprints
FP_1845,1.9700303433813314e-05,fingerprints
FP_1635,1.7917004956479496e-05,fingerprints
FP_1303,1.7080587340984665e-05,fingerprints
FP_409,1.6450910306392213e-05,fingerprints
FP_793,1.6117145881772318e-05,fingerprints
FP_552,1.288995529707572e-05,fingerprints
FP_93,1.2646003619409104e-05,fingerprints
FP_1005,1.177611898926786e-05,fingerprints
FP_1591,1.171785581336709e-05,fingerprints
FP_477,1.1421769689431788e-05,fingerprints
FP_376,1.1105009597645154e-05,fingerprints
FP_707,1.0080331280549056e-05,fingerprints
FP_238,1.0004618275531771e-05,fingerprints
FP_1344,9.714793245487587e-06,fingerprints
FP_1952,7.903457412129985e-06,fingerprints
FP_1055,6.544410261143772e-06,fingerprints
FP_126,4.1534403169352455e-06,fingerprints
FP_1500,0.0,fingerprints
FP_1719,0.0,fingerprints
FP_1743,0.0,fingerprints
FP_1969,0.0,fingerprints
FP_1968,0.0,fingerprints
FP_1878,0.0,fingerprints
FP_1744,0.0,fingerprints
FP_1880,0.0,fingerprints
FP_2023,0.0,fingerprints
FP_1514,0.0,fingerprints
FP_1746,0.0,fingerprints
FP_1515,0.0,fingerprints
FP_2024,0.0,fingerprints
FP_1748,0.0,fingerprints
FP_1749,0.0,fingerprints
FP_1881,0.0,fingerprints
FP_1751,0.0,fingerprints
FP_1983,0.0,fingerprints
FP_1966,0.0,fingerprints
FP_1493,0.0,fingerprints
FP_1492,0.0,fingerprints
FP_1491,0.0,fingerprints
FP_1976,0.0,fingerprints
FP_1739,0.0,fingerprints
FP_1870,0.0,fingerprints
FP_1723,0.0,fingerprints
FP_1728,0.0,fingerprints
FP_1872,0.0,fingerprints
FP_1499,0.0,fingerprints
FP_2012,0.0,fingerprints
FP_1867,0.0,fingerprints
FP_1874,0.0,fingerprints
FP_1972,0.0,fingerprints
FP_1505,0.0,fingerprints
FP_1734,0.0,fingerprints
FP_1973,0.0,fingerprints
FP_1506,0.0,fingerprints
FP_1724,0.0,fingerprints
FP_1508,0.0,fingerprints
FP_1497,0.0,fingerprints
FP_1509,0.0,fingerprints
FP_1971,0.0,fingerprints
FP_1735,0.0,fingerprints
FP_2015,0.0,fingerprints
FP_1975,0.0,fingerprints
FP_1501,0.0,fingerprints
FP_2036,0.0,fingerprints
FP_1753,0.0,fingerprints
FP_1490,0.0,fingerprints
FP_1833,0.0,fingerprints
FP_1802,0.0,fingerprints
FP_1834,0.0,fingerprints
FP_1835,0.0,fingerprints
FP_1836,0.0,fingerprints
FP_1839,0.0,fingerprints
FP_1468,0.0,fingerprints
FP_1469,0.0,fingerprints
FP_1841,0.0,fingerprints
FP_1793,0.0,fingerprints
FP_1790,0.0,fingerprints
FP_2019,0.0,fingerprints
FP_1472,0.0,fingerprints
FP_1788,0.0,fingerprints
FP_1473,0.0,fingerprints
FP_1832,0.0,fingerprints
FP_1807,0.0,fingerprints
FP_1464,0.0,fingerprints
FP_1813,0.0,fingerprints
FP_1821,0.0,fingerprints
FP_1820,0.0,fingerprints
FP_1818,0.0,fingerprints
FP_1458,0.0,fingerprints
FP_1826,0.0,fingerprints
FP_1814,0.0,fingerprints
FP_1812,0.0,fingerprints
FP_1808,0.0,fingerprints
FP_1459,0.0,fingerprints
FP_1828,0.0,fingerprints
FP_1811,0.0,fingerprints
FP_1461,0.0,fingerprints
FP_1462,0.0,fingerprints
FP_2017,0.0,fingerprints
FP_1474,0.0,fingerprints
FP_1787,0.0,fingerprints
FP_1785,0.0,fingerprints
FP_1762,0.0,fingerprints
FP_2016,0.0,fingerprints
FP_1857,0.0,fingerprints
FP_1766,0.0,fingerprints
FP_1718,0.0,fingerprints
FP_1985,0.0,fingerprints
FP_1486,0.0,fingerprints
FP_1858,0.0,fingerprints
FP_1854,0.0,fingerprints
FP_2044,0.0,fingerprints
FP_1757,0.0,fingerprints
FP_1488,0.0,fingerprints
FP_1489,0.0,fingerprints
FP_1756,0.0,fingerprints
FP_1755,0.0,fingerprints
FP_1483,0.0,fingerprints
FP_1986,0.0,fingerprints
FP_1784,0.0,fingerprints
FP_1850,0.0,fingerprints
FP_2021,0.0,fingerprints
FP_1782,0.0,fingerprints
FP_1780,0.0,fingerprints
FP_1848,0.0,fingerprints
FP_1849,0.0,fingerprints
FP_1990,0.0,fingerprints
FP_1988,0.0,fingerprints
FP_1853,0.0,fingerprints
FP_1776,0.0,fingerprints
FP_1987,0.0,fingerprints
FP_1775,0.0,fingerprints
FP_1852,0.0,fingerprints
FP_1481,0.0,fingerprints
FP_1773,0.0,fingerprints
FP_1965,0.0,fingerprints
FP_1887,0.0,fingerprints
FP_1517,0.0,fingerprints
FP_1916,0.0,fingerprints
FP_1645,0.0,fingerprints
FP_1644,0.0,fingerprints
FP_2031,0.0,fingerprints
FP_1642,0.0,fingerprints
FP_1641,0.0,fingerprints
FP_1943,0.0,fingerprints
FP_1636,0.0,fingerprints
FP_1558,0.0,fingerprints
FP_1918,0.0,fingerprints
FP_1634,0.0,fingerprints
FP_1633,0.0,fingerprints
FP_1570,0.0,fingerprints
FP_1632,0.0,fingerprints
FP_1571,0.0,fingerprints
FP_1646,0.0,fingerprints
FP_1647,0.0,fingerprints
FP_1717,0.0,fingerprints
FP_1655,0.0,fingerprints
FP_1907,0.0,fingerprints
FP_2009,0.0,fingerprints
FP_1947,0.0,fingerprints
FP_1550,0.0,fingerprints
FP_1659,0.0,fingerprints
FP_1658,0.0,fingerprints
FP_1652,0.0,fingerprints
FP_1557,0.0,fingerprints
FP_1651,0.0,fingerprints
FP_1944,0.0,fingerprints
FP_1913,0.0,fingerprints
FP_1650,0.0,fingerprints
FP_1649,0.0,fingerprints
FP_1648,0.0,fingerprints
FP_2032,0.0,fingerprints
FP_1629,0.0,fingerprints
FP_1919,0.0,fingerprints
FP_1937,0.0,fingerprints
FP_1584,0.0,fingerprints
FP_1605,0.0,fingerprints
FP_1585,0.0,fingerprints
FP_1929,0.0,fingerprints
FP_1932,0.0,fingerprints
FP_1598,0.0,fingerprints
FP_1936,0.0,fingerprints
FP_1627,0.0,fingerprints
FP_2037,0.0,fingerprints
FP_1595,0.0,fingerprints
FP_1588,0.0,fingerprints
FP_1935,0.0,fingerprints
FP_1593,0.0,fingerprints
FP_1589,0.0,fingerprints
FP_2035,0.0,fingerprints
FP_1610,0.0,fingerprints
FP_1611,0.0,fingerprints
FP_1927,0.0,fingerprints
FP_1613,0.0,fingerprints
FP_1925,0.0,fingerprints
FP_1614,0.0,fingerprints
FP_1615,0.0,fingerprints
FP_1617,0.0,fingerprints
FP_1940,0.0,fingerprints
FP_1620,0.0,fingerprints
FP_1622,0.0,fingerprints
FP_1577,0.0,fingerprints
FP_1576,0.0,fingerprints
FP_1575,0.0,fingerprints
FP_1624,0.0,fingerprints
FP_1920,0.0,fingerprints
FP_1662,0.0,fingerprints
FP_1906,0.0,fingerprints
FP_1548,0.0,fingerprints
FP_1890,0.0,fingerprints
FP_1526,0.0,fingerprints
FP_2006,0.0,fingerprints
FP_1700,0.0,fingerprints
FP_2027,0.0,fingerprints
FP_1959,0.0,fingerprints
FP_1527,0.0,fingerprints
FP_1958,0.0,fingerprints
FP_2028,0.0,fingerprints
FP_1698,0.0,fingerprints
FP_1893,0.0,fingerprints
FP_1696,0.0,fingerprints
FP_1695,0.0,fingerprints
FP_1528,0.0,fingerprints
FP_1694,0.0,fingerprints
FP_1960,0.0,fingerprints
FP_1961,0.0,fingerprints
FP_1888,0.0,fingerprints
FP_1703,0.0,fingerprints
FP_1704,0.0,fingerprints
FP_1705,0.0,fingerprints
FP_1706,0.0,fingerprints
FP_1707,0.0,fingerprints
FP_1523,0.0,fingerprints
FP_1709,0.0,fingerprints
FP_1712,0.0,fingerprints
FP_1713,0.0,fingerprints
FP_1714,0.0,fingerprints
FP_1520,0.0,fingerprints
FP_1885,0.0,fingerprints
FP_1715,0.0,fingerprints
FP_2025,0.0,fingerprints
FP_1894,0.0,fingerprints
FP_2010,0.0,fingerprints
FP_1666,0.0,fingerprints
FP_1674,0.0,fingerprints
FP_1901,0.0,fingerprints
FP_1541,0.0,fingerprints
FP_1542,0.0,fingerprints
FP_1675,0.0,fingerprints
FP_1544,0.0,fingerprints
FP_1545,0.0,fingerprints
FP_1673,0.0,fingerprints
FP_1529,0.0,fingerprints
FP_1670,0.0,fingerprints
FP_2040,0.0,fingerprints
FP_1903,0.0,fingerprints
FP_1547,0.0,fingerprints
FP_1668,0.0,fingerprints
FP_1667,0.0,fingerprints
FP_2030,0.0,fingerprints
FP_1540,0.0,fingerprints
FP_1682,0.0,fingerprints
FP_1539,0.0,fingerprints
FP_1538,0.0,fingerprints
FP_1537,0.0,fingerprints
FP_1684,0.0,fingerprints
FP_1900,0.0,fingerprints
FP_1953,0.0,fingerprints
FP_1535,0.0,fingerprints
FP_2029,0.0,fingerprints
FP_1954,0.0,fingerprints
FP_1533,0.0,fingerprints
FP_1898,0.0,fingerprints
FP_1687,0.0,fingerprints
FP_1895,0.0,fingerprints
FP_1956,0.0,fingerprints
FP_1822,0.0,fingerprints
FP_1023,0.0,fingerprints
FP_1455,0.0,fingerprints
FP_503,0.0,fingerprints
FP_538,0.0,fingerprints
FP_537,0.0,fingerprints
FP_536,0.0,fingerprints
FP_535,0.0,fingerprints
FP_531,0.0,fingerprints
FP_529,0.0,fingerprints
FP_527,0.0,fingerprints
FP_526,0.0,fingerprints
FP_524,0.0,fingerprints
FP_518,0.0,fingerprints
FP_517,0.0,fingerprints
FP_513,0.0,fingerprints
FP_510,0.0,fingerprints
FP_509,0.0,fingerprints
FP_508,0.0,fingerprints
FP_539,0.0,fingerprints
FP_541,0.0,fingerprints
FP_543,0.0,fingerprints
FP_567,0.0,fingerprints
FP_575,0.0,fingerprints
FP_574,0.0,fingerprints
FP_572,0.0,fingerprints
FP_571,0.0,fingerprints
FP_569,0.0,fingerprints
FP_568,0.0,fingerprints
FP_566,0.0,fingerprints
FP_548,0.0,fingerprints
FP_563,0.0,fingerprints
FP_560,0.0,fingerprints
FP_558,0.0,fingerprints
FP_557,0.0,fingerprints
FP_554,0.0,fingerprints
FP_551,0.0,fingerprints
FP_506,0.0,fingerprints
FP_499,0.0,fingerprints
FP_577,0.0,fingerprints
FP_493,0.0,fingerprints
FP_447,0.0,fingerprints
FP_446,0.0,fingerprints
FP_445,0.0,fingerprints
FP_442,0.0,fingerprints
FP_440,0.0,fingerprints
FP_439,0.0,fingerprints
FP_438,0.0,fingerprints
FP_434,0.0,fingerprints
FP_433,0.0,fingerprints
FP_432,0.0,fingerprints
FP_430,0.0,fingerprints
FP_422,0.0,fingerprints
FP_421,0.0,fingerprints
FP_420,0.0,fingerprints
FP_416,0.0,fingerprints
FP_451,0.0,fingerprints
FP_455,0.0,fingerprints
FP_458,0.0,fingerprints
FP_472,0.0,fingerprints
FP_491,0.0,fingerprints
FP_484,0.0,fingerprints
FP_483,0.0,fingerprints
FP_479,0.0,fingerprints
FP_476,0.0,fingerprints
FP_473,0.0,fingerprints
FP_471,0.0,fingerprints
FP_459,0.0,fingerprints
FP_470,0.0,fingerprints
FP_465,0.0,fingerprints
FP_464,0.0,fingerprints
FP_462,0.0,fingerprints
FP_461,0.0,fingerprints
FP_460,0.0,fingerprints
FP_576,0.0,fingerprints
FP_579,0.0,fingerprints
FP_412,0.0,fingerprints
FP_676,0.0,fingerprints
FP_719,0.0,fingerprints
FP_714,0.0,fingerprints
FP_712,0.0,fingerprints
FP_708,0.0,fingerprints
FP_706,0.0,fingerprints
FP_704,0.0,fingerprints
FP_702,0.0,fingerprints
FP_699,0.0,fingerprints
FP_698,0.0,fingerprints
FP_697,0.0,fingerprints
FP_693,0.0,fingerprints
FP_686,0.0,fingerprints
FP_685,0.0,fingerprints
FP_684,0.0,fingerprints
FP_683,0.0,fingerprints
FP_721,0.0,fingerprints
FP_723,0.0,fingerprints
FP_724,0.0,fingerprints
FP_743,0.0,fingerprints
FP_752,0.0,fingerprints
FP_750,0.0,fingerprints
FP_749,0.0,fingerprints
FP_748,0.0,fingerprints
FP_747,0.0,fingerprints
FP_744,0.0,fingerprints
FP_742,0.0,fingerprints
FP_726,0.0,fingerprints
FP_741,0.0,fingerprints
FP_740,0.0,fingerprints
FP_738,0.0,fingerprints
FP_736,0.0,fingerprints
FP_734,0.0,fingerprints
FP_729,0.0,fingerprints
FP_679,0.0,fingerprints
FP_670,0.0,fingerprints
FP_580,0.0,fingerprints
FP_669,0.0,fingerprints
FP_621,0.0,fingerprints
FP_619,0.0,fingerprints
FP_616,0.0,fingerprints
FP_615,0.0,fingerprints
FP_614,0.0,fingerprints
FP_609,0.0,fingerprints
FP_608,0.0,fingerprints
FP_605,0.0,fingerprints
FP_600,0.0,fingerprints
FP_599,0.0,fingerprints
FP_597,0.0,fingerprints
FP_596,0.0,fingerprints
FP_588,0.0,fingerprints
FP_587,0.0,fingerprints
FP_581,0.0,fingerprints
FP_622,0.0,fingerprints
FP_624,0.0,fingerprints
FP_625,0.0,fingerprints
FP_649,0.0,fingerprints
FP_666,0.0,fingerprints
FP_665,0.0,fingerprints
FP_663,0.0,fingerprints
FP_659,0.0,fingerprints
FP_658,0.0,fingerprints
FP_654,0.0,fingerprints
FP_645,0.0,fingerprints
FP_626,0.0,fingerprints
FP_644,0.0,fingerprints
FP_640,0.0,fingerprints
FP_635,0.0,fingerprints
FP_632,0.0,fingerprints
FP_629,0.0,fingerprints
FP_627,0.0,fingerprints
FP_413,0.0,fingerprints
FP_406,0.0,fingerprints
FP_755,0.0,fingerprints
FP_78,0.0,fingerprints
FP_139,0.0,fingerprints
FP_138,0.0,fingerprints
FP_135,0.0,fingerprints
FP_133,0.0,fingerprints
FP_130,0.0,fingerprints
FP_128,0.0,fingerprints
FP_123,0.0,fingerprints
FP_115,0.0,fingerprints
FP_113,0.0,fingerprints
FP_103,0.0,fingerprints
FP_100,0.0,fingerprints
FP_98,0.0,fingerprints
FP_91,0.0,fingerprints
FP_86,0.0,fingerprints
FP_85,0.0,fingerprints
FP_141,0.0,fingerprints
FP_143,0.0,fingerprints
FP_144,0.0,fingerprints
FP_168,0.0,fingerprints
FP_177,0.0,fingerprints
FP_176,0.0,fingerprints
FP_174,0.0,fingerprints
FP_173,0.0,fingerprints
FP_171,0.0,fingerprints
FP_169,0.0,fingerprints
FP_167,0.0,fingerprints
FP_150,0.0,fingerprints
FP_166,0.0,fingerprints
FP_159,0.0,fingerprints
FP_158,0.0,fingerprints
FP_156,0.0,fingerprints
FP_155,0.0,fingerprints
FP_152,0.0,fingerprints
FP_81,0.0,fingerprints
FP_77,0.0,fingerprints
FP_181,0.0,fingerprints
FP_76,0.0,fingerprints
FP_32,0.0,fingerprints
FP_31,0.0,fingerprints
FP_30,0.0,fingerprints
FP_27,0.0,fingerprints
FP_23,0.0,fingerprints
FP_21,0.0,fingerprints
FP_20,0.0,fingerprints
FP_17,0.0,fingerprints
FP_15,0.0,fingerprints
FP_12,0.0,fingerprints
FP_9,0.0,fingerprints
FP_7,0.0,fingerprints
FP_6,0.0,fingerprints
FP_3,0.0,fingerprints
FP_0,0.0,fingerprints
FP_34,0.0,fingerprints
FP_40,0.0,fingerprints
FP_42,0.0,fingerprints
FP_62,0.0,fingerprints
FP_75,0.0,fingerprints
FP_73,0.0,fingerprints
FP_72,0.0,fingerprints
FP_70,0.0,fingerprints
FP_68,0.0,fingerprints
FP_64,0.0,fingerprints
FP_60,0.0,fingerprints
FP_43,0.0,fingerprints
FP_57,0.0,fingerprints
FP_53,0.0,fingerprints
FP_49,0.0,fingerprints
FP_47,0.0,fingerprints
FP_46,0.0,fingerprints
FP_45,0.0,fingerprints
FP_178,0.0,fingerprints
FP_186,0.0,fingerprints
FP_404,0.0,fingerprints
FP_285,0.0,fingerprints
FP_340,0.0,fingerprints
FP_338,0.0,fingerprints
FP_337,0.0,fingerprints
FP_335,0.0,fingerprints
FP_334,0.0,fingerprints
FP_331,0.0,fingerprints
FP_330,0.0,fingerprints
FP_327,0.0,fingerprints
FP_316,0.0,fingerprints
FP_315,0.0,fingerprints
FP_309,0.0,fingerprints
FP_307,0.0,fingerprints
FP_306,0.0,fingerprints
FP_302,0.0,fingerprints
FP_299,0.0,fingerprints
FP_355,0.0,fingerprints
FP_356,0.0,fingerprints
FP_359,0.0,fingerprints
FP_390,0.0,fingerprints
FP_400,0.0,fingerprints
FP_399,0.0,fingerprints
FP_396,0.0,fingerprints
FP_395,0.0,fingerprints
FP_393,0.0,fingerprints
FP_392,0.0,fingerprints
FP_388,0.0,fingerprints
FP_360,0.0,fingerprints
FP_386,0.0,fingerprints
FP_381,0.0,fingerprints
FP_377,0.0,fingerprints
FP_371,0.0,fingerprints
FP_367,0.0,fingerprints
FP_365,0.0,fingerprints
FP_291,0.0,fingerprints
FP_284,0.0,fingerprints
FP_187,0.0,fingerprints
FP_279,0.0,fingerprints
FP_224,0.0,fingerprints
FP_223,0.0,fingerprints
FP_221,0.0,fingerprints
FP_220,0.0,fingerprints
FP_219,0.0,fingerprints
FP_217,0.0,fingerprints
FP_215,0.0,fingerprints
FP_209,0.0,fingerprints
FP_206,0.0,fingerprints
FP_205,0.0,fingerprints
FP_201,0.0,fingerprints
FP_200,0.0,fingerprints
FP_199,0.0,fingerprints
FP_198,0.0,fingerprints
FP_188,0.0,fingerprints
FP_226,0.0,fingerprints
FP_230,0.0,fingerprints
FP_232,0.0,fingerprints
FP_258,0.0,fingerprints
FP_276,0.0,fingerprints
FP_275,0.0,fingerprints
FP_268,0.0,fingerprints
FP_264,0.0,fingerprints
FP_260,0.0,fingerprints
FP_259,0.0,fingerprints
FP_254,0.0,fingerprints
FP_235,0.0,fingerprints
FP_248,0.0,fingerprints
FP_247,0.0,fingerprints
FP_246,0.0,fingerprints
FP_241,0.0,fingerprints
FP_240,0.0,fingerprints
FP_237,0.0,fingerprints
FP_754,0.0,fingerprints
FP_756,0.0,fingerprints
FP_1451,0.0,fingerprints
FP_1194,0.0,fingerprints
FP_1220,0.0,fingerprints
FP_1218,0.0,fingerprints
FP_1217,0.0,fingerprints
FP_1215,0.0,fingerprints
FP_1213,0.0,fingerprints
FP_1212,0.0,fingerprints
FP_1209,0.0,fingerprints
FP_1207,0.0,fingerprints
FP_1206,0.0,fingerprints
FP_1205,0.0,fingerprints
FP_1204,0.0,fingerprints
FP_1201,0.0,fingerprints
FP_1200,0.0,fingerprints
FP_1198,0.0,fingerprints
FP_1197,0.0,fingerprints
FP_1222,0.0,fingerprints
FP_1229,0.0,fingerprints
FP_1230,0.0,fingerprints
FP_1252,0.0,fingerprints
FP_1264,0.0,fingerprints
FP_1262,0.0,fingerprints
FP_1261,0.0,fingerprints
FP_1259,0.0,fingerprints
FP_1255,0.0,fingerprints
FP_1253,0.0,fingerprints
FP_1250,0.0,fingerprints
FP_1234,0.0,fingerprints
FP_1246,0.0,fingerprints
FP_1245,0.0,fingerprints
FP_1244,0.0,fingerprints
FP_1241,0.0,fingerprints
FP_1240,0.0,fingerprints
FP_1237,0.0,fingerprints
FP_1196,0.0,fingerprints
FP_1193,0.0,fingerprints
FP_1269,0.0,fingerprints
FP_1192,0.0,fingerprints
FP_1149,0.0,fingerprints
FP_1146,0.0,fingerprints
FP_1144,0.0,fingerprints
FP_1141,0.0,fingerprints
FP_1140,0.0,fingerprints
FP_1139,0.0,fingerprints
FP_1135,0.0,fingerprints
FP_1134,0.0,fingerprints
FP_1133,0.0,fingerprints
FP_1132,0.0,fingerprints
FP_1125,0.0,fingerprints
FP_1124,0.0,fingerprints
FP_1123,0.0,fingerprints
FP_1122,0.0,fingerprints
FP_1119,0.0,fingerprints
FP_1151,0.0,fingerprints
FP_1153,0.0,fingerprints
FP_1159,0.0,fingerprints
FP_1178,0.0,fingerprints
FP_1191,0.0,fingerprints
FP_1188,0.0,fingerprints
FP_1186,0.0,fingerprints
FP_1185,0.0,fingerprints
FP_1183,0.0,fingerprints
FP_1179,0.0,fingerprints
FP_1177,0.0,fingerprints
FP_1161,0.0,fingerprints
FP_1176,0.0,fingerprints
FP_1175,0.0,fingerprints
FP_1170,0.0,fingerprints
FP_1169,0.0,fingerprints
FP_1167,0.0,fingerprints
FP_1166,0.0,fingerprints
FP_1266,0.0,fingerprints
FP_1270,0.0,fingerprints
FP_1117,0.0,fingerprints
FP_1370,0.0,fingerprints
FP_1406,0.0,fingerprints
FP_1403,0.0,fingerprints
FP_1401,0.0,fingerprints
FP_1400,0.0,fingerprints
FP_1396,0.0,fingerprints
FP_1395,0.0,fingerprints
FP_1390,0.0,fingerprints
FP_1389,0.0,fingerprints
FP_1388,0.0,fingerprints
FP_1383,0.0,fingerprints
FP_1382,0.0,fingerprints
FP_1378,0.0,fingerprints
FP_1377,0.0,fingerprints
FP_1374,0.0,fingerprints
FP_1372,0.0,fingerprints
FP_1407,0.0,fingerprints
FP_1413,0.0,fingerprints
FP_1414,0.0,fingerprints
FP_1438,0.0,fingerprints
FP_1446,0.0,fingerprints
FP_1445,0.0,fingerprints
FP_1443,0.0,fingerprints
FP_1442,0.0,fingerprints
FP_1440,0.0,fingerprints
FP_1439,0.0,fingerprints
FP_1436,0.0,fingerprints
FP_1415,0.0,fingerprints
FP_1428,0.0,fingerprints
FP_1426,0.0,fingerprints
FP_1425,0.0,fingerprints
FP_1421,0.0,fingerprints
FP_1420,0.0,fingerprints
FP_1418,0.0,fingerprints
FP_1371,0.0,fingerprints
FP_1364,0.0,fingerprints
FP_1271,0.0,fingerprints
FP_1362,0.0,fingerprints
FP_1321,0.0,fingerprints
FP_1319,0.0,fingerprints
FP_1316,0.0,fingerprints
FP_1314,0.0,fingerprints
FP_1311,0.0,fingerprints
FP_1310,0.0,fingerprints
FP_1308,0.0,fingerprints
FP_1305,0.0,fingerprints
FP_1302,0.0,fingerprints
FP_1301,0.0,fingerprints
FP_1291,0.0,fingerprints
FP_1289,0.0,fingerprints
FP_1288,0.0,fingerprints
FP_1283,0.0,fingerprints
FP_1276,0.0,fingerprints
FP_1323,0.0,fingerprints
FP_1324,0.0,fingerprints
FP_1327,0.0,fingerprints
FP_1339,0.0,fingerprints
FP_1358,0.0,fingerprints
FP_1354,0.0,fingerprints
FP_1353,0.0,fingerprints
FP_1346,0.0,fingerprints
FP_1343,0.0,fingerprints
FP_1342,0.0,fingerprints
FP_1337,0.0,fingerprints
FP_1329,0.0,fingerprints
FP_1336,0.0,fingerprints
FP_1335,0.0,fingerprints
FP_1334,0.0,fingerprints
FP_1333,0.0,fingerprints
FP_1332,0.0,fingerprints
FP_1331,0.0,fingerprints
FP_1118,0.0,fingerprints
FP_1116,0.0,fingerprints
FP_757,0.0,fingerprints
FP_848,0.0,fingerprints
FP_877,0.0,fingerprints
FP_876,0.0,fingerprints
FP_873,0.0,fingerprints
FP_871,0.0,fingerprints
FP_870,0.0,fingerprints
FP_869,0.0,fingerprints
FP_866,0.0,fingerprints
FP_865,0.0,fingerprints
FP_864,0.0,fingerprints
FP_863,0.0,fingerprints
FP_862,0.0,fingerprints
FP_861,0.0,fingerprints
FP_856,0.0,fingerprints
FP_855,0.0,fingerprints
FP_853,0.0,fingerprints
FP_885,0.0,fingerprints
FP_887,0.0,fingerprints
FP_889,0.0,fingerprints
FP_907,0.0,fingerprints
FP_922,0.0,fingerprints
FP_921,0.0,fingerprints
FP_919,0.0,fingerprints
FP_918,0.0,fingerprints
FP_911,0.0,fingerprints
FP_908,0.0,fingerprints
FP_906,0.0,fingerprints
FP_891,0.0,fingerprints
FP_903,0.0,fingerprints
FP_901,0.0,fingerprints
FP_900,0.0,fingerprints
FP_898,0.0,fingerprints
FP_894,0.0,fingerprints
FP_892,0.0,fingerprints
FP_851,0.0,fingerprints
FP_844,0.0,fingerprints
FP_928,0.0,fingerprints
FP_839,0.0,fingerprints
FP_783,0.0,fingerprints
FP_782,0.0,fingerprints
FP_780,0.0,fingerprints
FP_778,0.0,fingerprints
FP_776,0.0,fingerprints
FP_775,0.0,fingerprints
FP_774,0.0,fingerprints
FP_773,0.0,fingerprints
FP_771,0.0,fingerprints
FP_767,0.0,fingerprints
FP_765,0.0,fingerprints
FP_764,0.0,fingerprints
FP_762,0.0,fingerprints
FP_761,0.0,fingerprints
FP_759,0.0,fingerprints
FP_786,0.0,fingerprints
FP_791,0.0,fingerprints
FP_797,0.0,fingerprints
FP_817,0.0,fingerprints
FP_834,0.0,fingerprints
FP_832,0.0,fingerprints
FP_825,0.0,fingerprints
FP_821,0.0,fingerprints
FP_820,0.0,fingerprints
FP_818,0.0,fingerprints
FP_813,0.0,fingerprints
FP_799,0.0,fingerprints
FP_812,0.0,fingerprints
FP_809,0.0,fingerprints
FP_808,0.0,fingerprints
FP_805,0.0,fingerprints
FP_804,0.0,fingerprints
FP_802,0.0,fingerprints
FP_927,0.0,fingerprints
FP_929,0.0,fingerprints
FP_1115,0.0,fingerprints
FP_1027,0.0,fingerprints
FP_1067,0.0,fingerprints
FP_1065,0.0,fingerprints
FP_1062,0.0,fingerprints
FP_1061,0.0,fingerprints
FP_1058,0.0,fingerprints
FP_1056,0.0,fingerprints
FP_1054,0.0,fingerprints
FP_1053,0.0,fingerprints
FP_1051,0.0,fingerprints
FP_1050,0.0,fingerprints
FP_1046,0.0,fingerprints
FP_1041,0.0,fingerprints
FP_1033,0.0,fingerprints
FP_1032,0.0,fingerprints
FP_1030,0.0,fingerprints
FP_1068,0.0,fingerprints
FP_1076,0.0,fingerprints
FP_1078,0.0,fingerprints
FP_1100,0.0,fingerprints
FP_1113,0.0,fingerprints
FP_1112,0.0,fingerprints
FP_1111,0.0,fingerprints
FP_1108,0.0,fingerprints
FP_1107,0.0,fingerprints
FP_1106,0.0,fingerprints
FP_1095,0.0,fingerprints
FP_1080,0.0,fingerprints
FP_1094,0.0,fingerprints
FP_1092,0.0,fingerprints
FP_1090,0.0,fingerprints
FP_1085,0.0,fingerprints
FP_1084,0.0,fingerprints
FP_1081,0.0,fingerprints
FP_1029,0.0,fingerprints
FP_1026,0.0,fingerprints
FP_933,0.0,fingerprints
FP_1025,0.0,fingerprints
FP_965,0.0,fingerprints
FP_964,0.0,fingerprints
FP_963,0.0,fingerprints
FP_961,0.0,fingerprints
FP_959,0.0,fingerprints
FP_956,0.0,fingerprints
FP_955,0.0,fingerprints
FP_951,0.0,fingerprints
FP_946,0.0,fingerprints
FP_945,0.0,fingerprints
FP_944,0.0,fingerprints
FP_942,0.0,fingerprints
FP_941,0.0,fingerprints
FP_939,0.0,fingerprints
FP_938,0.0,fingerprints
FP_968,0.0,fingerprints
FP_969,0.0,fingerprints
FP_982,0.0,fingerprints
FP_1011,0.0,fingerprints
FP_1021,0.0,fingerprints
FP_1016,0.0,fingerprints
FP_1015,0.0,fingerprints
FP_1014,0.0,fingerprints
FP_1013,0.0,fingerprints
FP_1012,0.0,fingerprints
FP_1007,0.0,fingerprints
FP_984,0.0,fingerprints
FP_1000,0.0,fingerprints
FP_999,0.0,fingerprints
FP_996,0.0,fingerprints
FP_995,0.0,fingerprints
FP_992,0.0,fingerprints
FP_986,0.0,fingerprints
FP_2047,0.0,fingerprints
