ligand_id,inner_role
1,fit
3,fit
4,fit
9,fit
11,fit
12,fit
15,fit
18,fit
28,fit
29,fit
31,fit
32,fit
33,early_stopping
34,fit
35,fit
36,fit
37,fit
40,fit
41,early_stopping
44,fit
45,fit
46,fit
49,fit
50,fit
51,fit
52,fit
53,fit
55,early_stopping
56,fit
57,fit
58,fit
64,fit
66,early_stopping
68,fit
69,fit
71,fit
75,fit
76,fit
79,fit
80,fit
83,fit
85,fit
92,fit
93,fit
96,early_stopping
101,fit
104,fit
105,fit
118,fit
119,fit
125,early_stopping
128,early_stopping
129,fit
130,fit
138,fit
142,fit
145,fit
149,fit
151,fit
152,fit
153,fit
159,early_stopping
160,fit
189,fit
197,fit
200,fit
206,early_stopping
208,fit
210,fit
211,fit
213,fit
215,fit
217,fit
218,early_stopping
219,fit
222,fit
225,early_stopping
227,fit
228,fit
229,fit
231,fit
234,fit
244,fit
245,fit
248,fit
251,fit
258,fit
259,fit
265,fit
266,fit
269,fit
271,early_stopping
273,fit
281,fit
306,fit
307,fit
313,fit
318,fit
325,fit
327,early_stopping
332,fit
336,fit
337,fit
339,fit
343,fit
352,fit
356,early_stopping
360,fit
374,fit
375,fit
377,fit
381,fit
383,fit
386,fit
389,fit
391,fit
392,fit
394,early_stopping
405,fit
412,early_stopping
417,fit
420,fit
429,fit
431,fit
433,fit
434,early_stopping
436,early_stopping
438,fit
446,fit
447,fit
449,fit
452,fit
462,fit
467,fit
477,fit
478,fit
479,early_stopping
487,fit
492,fit
502,fit
510,fit
512,fit
513,fit
516,fit
519,early_stopping
524,fit
526,fit
530,fit
531,fit
533,fit
535,fit
537,fit
540,fit
542,fit
544,early_stopping
551,fit
562,fit
566,fit
567,fit
573,fit
580,fit
583,fit
586,fit
591,fit
595,fit
601,fit
607,fit
608,fit
609,fit
612,fit
616,fit
617,fit
623,fit
624,fit
627,fit
646,fit
649,fit
655,early_stopping
669,fit
670,early_stopping
674,early_stopping
678,fit
681,fit
694,fit
695,fit
702,early_stopping
704,fit
706,fit
710,fit
728,fit
730,fit
731,fit
734,early_stopping
735,early_stopping
746,fit
747,fit
752,fit
753,fit
757,fit
766,fit
767,fit
768,fit
769,fit
771,early_stopping
772,fit
773,fit
778,early_stopping
781,fit
786,fit
787,fit
790,fit
796,fit
797,fit
798,fit
806,fit
811,early_stopping
813,fit
816,fit
818,fit
821,fit
823,fit
827,fit
829,fit
832,fit
833,fit
838,fit
843,fit
848,fit
850,early_stopping
851,early_stopping
854,fit
855,fit
858,fit
860,fit
861,fit
864,fit
867,fit
872,fit
874,fit
875,fit
877,fit
879,fit
882,fit
883,fit
886,fit
887,early_stopping
893,fit
895,fit
897,fit
898,fit
899,fit
903,fit
906,fit
907,fit
910,fit
915,early_stopping
916,early_stopping
920,early_stopping
922,fit
923,fit
924,fit
925,fit
926,fit
929,fit
931,early_stopping
939,fit
940,fit
941,fit
946,fit
948,fit
949,fit
951,fit
955,early_stopping
956,fit
957,early_stopping
958,early_stopping
959,early_stopping
960,fit
961,fit
965,fit
966,fit
967,fit
971,fit
972,fit
977,early_stopping
978,fit
980,fit
981,fit
983,fit
985,fit
986,fit
987,fit
989,fit
994,fit
997,fit
998,fit
1005,fit
1006,fit
1009,fit
1010,fit
1012,early_stopping
1013,fit
1017,fit
1019,fit
1020,fit
1021,fit
1023,fit
1024,fit
1027,fit
1031,fit
1033,fit
1037,early_stopping
1038,fit
1039,fit
1040,fit
1042,early_stopping
1043,fit
1045,fit
1049,early_stopping
1050,early_stopping
1051,fit
1057,fit
1058,fit
1062,fit
1063,fit
1064,fit
1067,fit
1068,fit
1070,fit
1078,fit
1079,fit
1080,early_stopping
1083,fit
1089,fit
1099,fit
1100,fit
1101,fit
1102,early_stopping
1104,fit
1107,fit
1108,fit
1109,fit
1110,fit
1111,fit
1112,fit
1114,early_stopping
1117,early_stopping
1118,fit
1120,fit
1125,fit
1128,early_stopping
1130,fit
1131,fit
1134,fit
1141,fit
1143,fit
1144,fit
1148,early_stopping
1150,fit
1153,fit
1157,fit
1159,fit
1160,fit
1162,fit
1169,fit
1170,fit
1172,fit
1176,fit
1180,fit
1183,fit
1184,fit
1186,fit
1187,fit
1192,fit
1193,fit
1194,fit
1198,early_stopping
1204,fit
1206,fit
1211,fit
1213,fit
1215,fit
1221,fit
1224,fit
1240,fit
1243,early_stopping
1244,fit
1246,fit
1247,early_stopping
1249,fit
1250,fit
1251,fit
1252,fit
1253,fit
1255,fit
1256,fit
1257,fit
1260,fit
1261,fit
1262,fit
1266,fit
1270,fit
1271,early_stopping
1272,fit
1275,fit
1276,fit
1280,fit
1282,fit
1285,fit
1286,fit
1287,fit
1289,fit
1292,fit
1303,fit
1306,fit
1307,fit
1310,fit
1311,fit
1313,fit
1316,fit
1317,fit
1319,fit
1320,fit
1322,fit
1329,early_stopping
1330,early_stopping
1331,fit
1332,fit
1333,fit
1334,fit
1335,fit
1336,fit
1337,fit
1338,fit
1339,fit
1342,fit
1343,fit
1344,fit
1345,fit
1346,fit
1347,fit
1349,fit
1351,fit
1352,fit
1358,fit
1359,fit
1360,fit
1361,fit
1362,early_stopping
1364,fit
1366,fit
1367,fit
1368,early_stopping
1372,fit
1375,fit
1377,fit
1379,early_stopping
1380,fit
1381,fit
1382,fit
1385,fit
1386,fit
1388,fit
1389,early_stopping
1390,early_stopping
1391,fit
1392,fit
1393,fit
1398,fit
1399,fit
1401,fit
1402,fit
1403,early_stopping
1404,fit
1406,fit
1410,early_stopping
1413,early_stopping
1418,fit
1419,fit
1420,fit
1427,fit
1429,fit
1431,fit
1435,fit
1436,fit
1437,fit
1440,fit
1441,early_stopping
1444,early_stopping
1445,fit
1447,fit
1448,fit
1451,fit
1457,fit
1459,early_stopping
1461,fit
1462,fit
1463,early_stopping
1464,fit
1466,fit
1467,fit
1468,fit
1470,fit
1471,fit
1472,fit
1479,early_stopping
1481,fit
1482,fit
1484,fit
1485,fit
1486,fit
1487,fit
1488,fit
1489,fit
1492,fit
1498,fit
1504,fit
1505,fit
1506,early_stopping
1517,fit
1518,fit
1519,fit
1523,fit
1527,early_stopping
1530,fit
1531,fit
1538,fit
1539,fit
1544,fit
1546,early_stopping
1548,fit
1557,fit
1560,fit
1561,fit
1562,fit
1565,fit
1567,fit
1570,fit
1571,fit
1572,fit
1577,fit
1580,early_stopping
1581,early_stopping
1583,fit
1584,fit
1587,fit
1588,fit
1592,fit
1595,fit
1604,early_stopping
1607,early_stopping
1608,early_stopping
1611,fit
1617,early_stopping
1619,fit
1620,fit
1626,fit
1627,fit
1633,fit
1639,fit
1642,fit
1645,fit
1654,early_stopping
1655,fit
1656,fit
1658,fit
1663,fit
1664,fit
1665,fit
1666,fit
1671,fit
1675,fit
1676,fit
1680,fit
1681,early_stopping
1682,fit
1683,fit
1687,fit
1691,fit
1693,fit
1695,fit
1699,fit
1704,fit
1705,fit
1708,fit
1709,fit
1717,fit
1720,fit
1721,fit
1723,fit
1724,fit
1726,fit
1729,fit
1736,fit
1740,fit
1744,fit
1747,fit
1750,fit
1751,fit
1753,fit
1754,fit
1762,fit
1764,fit
1768,fit
1769,fit
1772,fit
1773,fit
1778,fit
1783,fit
1785,fit
1794,fit
1796,fit
1799,fit
1801,fit
1802,early_stopping
1807,fit
1810,fit
1811,fit
1812,fit
1816,fit
1817,fit
1819,early_stopping
1820,fit
1821,fit
1822,fit
1824,fit
1825,fit
1827,fit
1828,fit
1829,fit
1834,fit
1837,fit
1838,fit
1839,early_stopping
1841,fit
1844,fit
1846,fit
1847,fit
1849,fit
1850,fit
1851,fit
1853,fit
1857,fit
1858,fit
1860,fit
1861,fit
1866,fit
1867,fit
1868,fit
1871,fit
1874,fit
1876,fit
1877,fit
1878,fit
1880,fit
1881,fit
1884,fit
1886,fit
1891,fit
1892,fit
1894,fit
1895,early_stopping
1896,fit
1897,fit
1901,fit
1904,fit
1905,fit
1906,fit
1909,fit
1911,fit
1913,fit
1914,fit
1916,fit
1921,fit
1922,fit
1924,fit
1926,fit
1929,fit
1931,fit
1939,early_stopping
1942,fit
1949,fit
1950,fit
1951,fit
1953,fit
1954,fit
1959,early_stopping
1960,fit
1962,fit
1971,fit
1976,fit
1979,fit
1980,fit
1981,fit
1985,fit
1988,fit
1989,fit
1990,fit
1991,fit
1993,fit
1994,fit
1996,early_stopping
1999,fit
2000,fit
2001,early_stopping
2002,fit
2007,fit
2012,fit
2013,fit
2014,fit
2019,fit
2020,fit
2021,fit
2022,fit
2024,fit
2025,fit
2027,fit
2028,fit
2029,fit
2033,fit
2034,fit
2035,fit
2036,fit
2037,fit
2038,fit
2042,fit
2043,fit
2056,fit
2062,fit
2065,fit
2068,fit
2070,fit
2071,fit
2075,fit
2081,fit
2082,fit
2086,fit
2087,fit
2088,fit
2092,fit
2094,fit
2096,fit
2099,fit
2105,fit
2107,fit
2111,fit
2115,fit
2118,fit
2122,fit
2126,fit
2134,fit
2137,early_stopping
2140,fit
2146,fit
2147,fit
2149,fit
2150,fit
2152,fit
2157,fit
2158,fit
2159,fit
2160,fit
2161,fit
2162,fit
2164,fit
2165,fit
2168,fit
2169,fit
2173,fit
2174,fit
2178,fit
2180,fit
2183,fit
2185,fit
2193,fit
2195,fit
2200,early_stopping
2201,early_stopping
2204,fit
2206,fit
2208,fit
2212,fit
2213,fit
2214,fit
2216,fit
2219,fit
2220,fit
2222,fit
2226,fit
2229,fit
2231,fit
2236,fit
2239,fit
2240,fit
2241,early_stopping
2242,fit
2243,fit
2245,fit
2248,fit
2249,fit
2251,fit
2253,fit
2254,fit
2255,fit
2259,fit
2260,fit
2261,fit
2262,fit
2265,early_stopping
2266,fit
2267,early_stopping
2268,fit
2269,fit
2271,fit
2273,fit
2276,fit
2279,fit
2280,fit
2281,fit
2292,fit
2293,fit
2295,fit
2296,fit
2297,fit
2303,fit
2305,fit
2306,fit
2310,fit
2313,fit
2314,fit
2317,early_stopping
2318,early_stopping
2322,fit
2326,fit
2327,fit
2329,fit
2330,fit
2334,fit
2335,fit
2336,fit
2338,fit
2339,fit
2340,fit
2341,fit
2345,fit
2346,fit
2347,fit
2348,fit
2349,fit
2350,fit
2351,fit
2353,fit
2357,fit
2358,fit
2359,fit
2362,fit
2365,fit
2367,fit
2368,fit
2369,fit
2371,fit
2372,fit
2373,fit
2380,fit
2381,fit
2382,fit
2383,fit
2386,fit
2390,fit
2392,fit
2393,early_stopping
2394,fit
2396,fit
2399,fit
2404,fit
2409,early_stopping
2412,fit
2414,fit
2417,fit
2418,fit
2420,fit
2421,fit
2422,fit
2426,fit
2427,fit
2428,fit
2429,fit
2434,fit
2435,fit
2441,early_stopping
2442,early_stopping
2444,fit
2445,fit
2446,early_stopping
2447,fit
2448,fit
2449,fit
2454,fit
2455,fit
2458,fit
2460,early_stopping
2461,fit
2462,early_stopping
2463,fit
2464,early_stopping
2469,fit
2471,early_stopping
2472,fit
2474,fit
2475,fit
2476,fit
2491,fit
2492,fit
2494,fit
2496,fit
2501,fit
2503,fit
2504,fit
2505,fit
2506,fit
2507,fit
2510,fit
2515,fit
2519,fit
2520,fit
2521,fit
2522,fit
2524,early_stopping
2525,fit
2528,fit
2529,early_stopping
2538,fit
2539,early_stopping
2541,fit
2543,fit
2546,fit
2548,fit
2549,fit
2550,fit
2553,early_stopping
2555,fit
2558,fit
2561,early_stopping
2562,early_stopping
2567,fit
2574,fit
2577,early_stopping
2578,fit
2579,fit
2586,fit
2587,fit
2590,fit
2593,fit
2594,fit
2597,fit
2598,fit
2600,fit
2602,early_stopping
2604,early_stopping
2608,fit
2614,fit
2617,early_stopping
2618,fit
2624,early_stopping
2632,fit
2633,fit
2634,fit
2637,early_stopping
2639,fit
2640,fit
2642,fit
2643,fit
2646,fit
2651,fit
2652,early_stopping
2653,fit
2654,fit
2655,fit
2657,fit
2658,fit
2659,fit
2661,fit
2662,fit
2671,fit
2676,fit
2679,fit
2682,fit
2685,early_stopping
2696,fit
2698,fit
2699,fit
2700,fit
2702,fit
2703,fit
2705,fit
2706,fit
2707,fit
2709,fit
2711,fit
2714,early_stopping
2715,fit
2717,early_stopping
2719,fit
2726,fit
2735,fit
2742,fit
2753,fit
2754,fit
2755,fit
2758,fit
2759,fit
2760,fit
2767,early_stopping
2769,fit
2770,fit
2771,fit
2774,fit
2775,fit
2777,early_stopping
2778,fit
2779,fit
2780,fit
2781,fit
2784,fit
2786,early_stopping
2787,fit
2788,fit
2790,fit
2791,fit
2795,fit
2797,fit
2803,fit
2822,fit
2823,fit
2825,fit
2827,fit
2831,fit
2833,fit
2851,fit
2852,early_stopping
2854,fit
2855,fit
2858,fit
2859,fit
2861,fit
2862,fit
2870,fit
2871,fit
2873,fit
2874,fit
2877,fit
2878,fit
2890,fit
2894,fit
2900,fit
2906,fit
2908,fit
2912,fit
2913,fit
2916,fit
2917,fit
2923,fit
2924,fit
2929,fit
2931,fit
2932,fit
2933,fit
2935,early_stopping
2936,fit
2937,fit
2939,fit
2940,fit
2941,fit
2942,fit
2944,fit
2945,fit
2948,fit
2955,fit
2956,early_stopping
2961,fit
2962,fit
2963,fit
2966,fit
2968,fit
2970,fit
2971,fit
2978,fit
2980,fit
2981,early_stopping
2987,fit
2988,fit
2993,fit
2998,fit
3003,fit
3007,early_stopping
3008,early_stopping
3009,fit
3012,fit
3018,early_stopping
3022,fit
3023,fit
3025,early_stopping
3026,fit
3028,fit
3032,fit
3043,fit
3046,fit
3047,early_stopping
3049,fit
3050,fit
3052,fit
3053,fit
3054,fit
3056,fit
3059,fit
3062,fit
3064,fit
3067,fit
3070,fit
3071,fit
3079,fit
3082,fit
3083,early_stopping
3086,fit
3087,fit
3088,fit
3089,fit
3090,fit
3092,fit
3094,fit
3096,fit
3100,fit
3106,fit
3107,fit
3110,fit
3111,fit
3112,fit
3114,fit
3115,fit
3123,fit
3125,fit
3127,fit
3128,fit
3129,fit
3133,fit
3136,early_stopping
3137,fit
3138,fit
3142,fit
3146,fit
3150,fit
3163,fit
3169,fit
3170,fit
3171,fit
3172,fit
3176,fit
3189,fit
3192,fit
3195,fit
3197,early_stopping
3198,fit
3199,fit
3203,fit
3204,fit
3205,fit
3208,fit
3209,fit
3214,fit
3225,fit
3226,fit
3229,fit
3233,fit
3235,fit
3236,fit
3237,fit
3242,fit
3244,early_stopping
3245,fit
3247,fit
3249,fit
3251,fit
3255,fit
3258,fit
3259,fit
3260,fit
3263,early_stopping
3264,fit
3266,fit
3267,fit
3271,fit
3277,fit
3281,fit
3284,fit
3285,fit
3294,fit
3295,fit
3297,fit
3300,fit
3302,fit
3303,fit
3304,fit
3306,fit
3308,fit
3309,early_stopping
3327,fit
3328,fit
3331,fit
3334,fit
3335,fit
3336,fit
3340,fit
3341,fit
3342,fit
3344,fit
3347,fit
3348,early_stopping
3351,fit
3352,fit
3353,fit
3357,fit
3362,fit
3364,fit
3365,fit
3369,fit
3375,fit
3378,fit
3382,early_stopping
3384,fit
3385,fit
3386,fit
3387,fit
3388,fit
3391,fit
3396,fit
3397,fit
3401,fit
3402,fit
3403,fit
3406,fit
3409,fit
3411,fit
3414,fit
3415,early_stopping
3420,fit
3422,fit
3424,fit
3425,fit
3426,fit
3428,fit
3430,fit
3437,fit
3443,fit
3445,fit
3446,fit
3447,fit
3461,fit
3462,fit
3463,fit
3464,fit
3465,fit
3467,fit
3468,fit
3470,fit
3475,fit
3476,fit
3477,fit
3478,fit
3480,fit
3482,early_stopping
3485,fit
3489,fit
3492,fit
3495,fit
3498,fit
3501,fit
3502,fit
3505,fit
3509,fit
3511,fit
3516,early_stopping
3519,fit
3523,fit
3527,fit
3529,fit
3531,fit
3534,fit
3535,fit
3536,fit
3541,fit
3543,fit
3544,early_stopping
3548,fit
3550,fit
3562,fit
3563,fit
3566,fit
3567,fit
3577,fit
3578,early_stopping
3579,fit
3580,fit
3581,fit
3582,fit
3584,fit
3597,fit
3598,fit
3599,fit
3603,fit
3605,fit
3607,fit
3608,fit
3610,fit
3611,fit
3613,early_stopping
3614,fit
3619,fit
3622,fit
3627,fit
3628,fit
3629,fit
3630,fit
3631,fit
3634,fit
3635,fit
3636,fit
3643,fit
3644,fit
3647,fit
3650,fit
3657,fit
3660,fit
3661,fit
3664,fit
3667,fit
3674,fit
3675,fit
3676,fit
3680,fit
3681,early_stopping
3691,fit
3692,fit
3693,fit
3694,fit
3696,early_stopping
3698,fit
3702,fit
3703,fit
3704,fit
3705,fit
3706,fit
3709,fit
3711,fit
3712,fit
3714,fit
3715,fit
3718,fit
3719,fit
3724,fit
3726,fit
3727,fit
3729,fit
3732,fit
3735,fit
3736,fit
3737,fit
3742,fit
3744,early_stopping
3746,early_stopping
3747,fit
3751,fit
3752,fit
3753,fit
3754,fit
3756,fit
3759,fit
3761,fit
3762,fit
3763,fit
3764,early_stopping
3765,fit
3771,fit
3773,fit
3774,fit
3776,fit
3779,fit
3781,fit
3782,fit
3783,fit
3786,fit
3787,fit
3790,fit
3792,fit
3793,fit
3795,fit
3796,fit
3797,fit
3800,fit
3801,fit
3804,fit
3807,fit
3808,fit
3809,early_stopping
3810,fit
3811,fit
3813,fit
3816,fit
3817,fit
3819,fit
3820,fit
3822,fit
3823,fit
3826,fit
3828,fit
3833,fit
3835,fit
3836,fit
3841,fit
3846,fit
3847,fit
3848,fit
3849,fit
3856,fit
3857,fit
3869,fit
3870,fit
3872,fit
3874,fit
3879,fit
3880,fit
3882,fit
3889,fit
3891,fit
3892,fit
3893,fit
3900,fit
3901,fit
3902,fit
3910,fit
3912,fit
3915,fit
3916,fit
3920,fit
3922,fit
3924,fit
3925,fit
3929,fit
3931,fit
3932,fit
3940,early_stopping
3941,fit
3942,fit
3943,fit
3946,fit
3948,fit
3949,fit
3953,fit
3954,fit
3955,fit
3958,fit
3960,fit
3961,fit
3963,fit
3973,fit
3977,fit
3979,fit
3982,fit
3983,fit
3984,fit
3985,fit
3987,fit
3988,fit
3994,fit
3995,fit
3997,early_stopping
4001,fit
4004,fit
4005,fit
4010,fit
4011,fit
4016,fit
4017,fit
4019,fit
4020,fit
4023,fit
4027,fit
4030,fit
4031,fit
4032,fit
4033,fit
4034,fit
4035,fit
4036,fit
4037,fit
4041,fit
4047,fit
4049,early_stopping
4053,early_stopping
4055,fit
4056,fit
4060,fit
4061,fit
4065,early_stopping
4072,fit
4076,fit
4077,fit
4081,fit
4082,fit
4084,fit
4094,fit
4097,fit
4098,fit
4099,fit
4101,fit
4103,fit
4106,early_stopping
4109,fit
4110,fit
4111,fit
4113,fit
4115,fit
4117,fit
4121,fit
4124,early_stopping
4125,fit
4126,fit
4127,fit
4136,fit
4137,fit
4138,fit
4140,fit
4142,fit
4147,early_stopping
4155,fit
4168,early_stopping
4171,early_stopping
4173,fit
4186,fit
4188,fit
4194,fit
4200,fit
4201,fit
4203,fit
4207,fit
4208,fit
4212,fit
4216,fit
4237,fit
4238,fit
4239,fit
4240,fit
4241,fit
4243,fit
4245,fit
4250,fit
4256,fit
4257,fit
4262,fit
4263,fit
4264,fit
4276,fit
4277,fit
4280,early_stopping
4292,fit
4295,fit
4296,fit
4299,fit
4300,fit
4301,fit
4302,fit
4303,fit
4308,fit
4310,fit
4312,fit
4313,fit
4314,fit
4315,fit
4316,fit
4325,fit
4328,fit
4334,fit
4353,fit
4358,fit
4400,fit
4405,fit
4412,fit
4413,early_stopping
4419,fit
4421,fit
4422,fit
4423,fit
4426,fit
4427,fit
4428,fit
4430,fit
4437,fit
4440,fit
4442,fit
4444,fit
4445,fit
4446,fit
4447,fit
4456,fit
4458,fit
4459,fit
4460,fit
4461,early_stopping
4463,early_stopping
4464,fit
4471,fit
4474,fit
4477,fit
4478,fit
4479,fit
4480,fit
4481,fit
4482,fit
4496,fit
4503,early_stopping
4504,fit
4507,fit
4508,early_stopping
4509,fit
4513,fit
4515,fit
4516,fit
4517,fit
4522,fit
4530,fit
4531,fit
4532,fit
4533,fit
4534,early_stopping
4535,fit
4537,fit
4541,fit
4542,fit
4544,fit
4545,fit
4546,fit
4553,fit
4556,fit
4559,fit
4561,fit
4563,fit
4564,fit
4565,fit
4567,fit
4572,fit
4576,fit
4577,fit
4578,fit
4579,fit
4580,fit
4582,fit
4583,fit
4584,fit
4585,fit
4587,fit
4591,fit
4596,fit
4597,fit
4601,fit
4605,fit
4607,fit
4608,early_stopping
4610,fit
4611,fit
4613,fit
4614,fit
4619,fit
4620,fit
4622,fit
4623,fit
4629,fit
4635,fit
4640,fit
4641,fit
4644,fit
4645,fit
4646,fit
4647,fit
4648,fit
4649,fit
4650,fit
4651,fit
4653,fit
4654,fit
4656,fit
4658,fit
4660,fit
4664,fit
4672,fit
4674,fit
4675,fit
4676,fit
4686,fit
4687,fit
4691,fit
4692,fit
4694,early_stopping
4698,fit
4699,fit
4700,fit
4701,fit
4702,fit
4704,fit
4708,fit
4710,fit
4711,fit
4712,fit
4717,fit
4719,fit
4720,fit
4722,fit
4724,fit
4729,fit
4730,fit
4731,early_stopping
4733,fit
4734,fit
4736,fit
4737,fit
4738,fit
4739,fit
4740,fit
4743,fit
4745,fit
4754,fit
4761,fit
4762,fit
4764,fit
4765,fit
4767,fit
4769,early_stopping
4771,early_stopping
4773,fit
4775,fit
4780,fit
4787,fit
4793,fit
4794,fit
4798,fit
4799,fit
4800,fit
4801,fit
4803,fit
4806,fit
4808,fit
4810,fit
4813,fit
4814,fit
4815,fit
4816,fit
4831,fit
4832,fit
4833,fit
4835,early_stopping
4837,fit
4838,fit
4841,fit
4842,fit
4843,fit
4849,fit
4851,fit
4852,fit
4856,fit
4872,early_stopping
4877,fit
4878,fit
4880,fit
4881,fit
4883,fit
4887,fit
4888,fit
4889,fit
4894,fit
4895,fit
4901,fit
4902,fit
4903,fit
4905,fit
4906,fit
4908,fit
4909,fit
4910,fit
4911,fit
4912,fit
4913,fit
4914,fit
4915,fit
4916,fit
4918,fit
4924,fit
4925,fit
4926,fit
4930,fit
4931,fit
4933,fit
4934,early_stopping
4936,fit
4938,fit
4946,fit
4947,fit
4951,fit
4955,early_stopping
4959,fit
4962,fit
4969,fit
4972,fit
4973,fit
4974,fit
4975,fit
4976,fit
4977,fit
4979,fit
4982,fit
4984,fit
4987,fit
4989,fit
4990,fit
4993,fit
4994,fit
4995,fit
5003,fit
5004,early_stopping
5009,fit
5010,fit
5011,fit
5012,fit
5013,fit
5016,fit
5017,fit
5024,fit
5025,fit
5034,fit
5035,fit
5037,fit
5038,fit
5041,fit
5045,fit
5049,early_stopping
5056,fit
5060,fit
5063,early_stopping
5066,fit
5078,fit
5079,fit
5080,fit
5085,fit
5087,early_stopping
5090,fit
5100,fit
5102,early_stopping
5103,early_stopping
5105,fit
5111,fit
5114,fit
5115,fit
5117,fit
5118,fit
5121,fit
5122,fit
5125,fit
5126,fit
5127,early_stopping
5128,fit
5129,fit
5130,fit
5132,early_stopping
5134,fit
5136,fit
5138,fit
5139,fit
5141,fit
5145,fit
5157,fit
5158,fit
5160,fit
5161,fit
5163,fit
5165,fit
5167,fit
5174,fit
5178,fit
5182,fit
5183,fit
5184,fit
5187,fit
5188,fit
5191,fit
5192,fit
5195,fit
5196,fit
5197,fit
5198,fit
5199,fit
5202,fit
5203,fit
5212,fit
5220,fit
5221,fit
5224,fit
5226,early_stopping
5227,early_stopping
5230,fit
5234,fit
5245,fit
5248,fit
5250,early_stopping
5251,fit
5255,fit
5256,fit
5258,fit
5259,fit
5265,fit
5268,fit
5271,fit
5278,fit
5279,fit
5282,fit
5284,fit
5285,fit
5288,fit
5292,fit
5293,fit
5294,fit
5295,fit
5296,fit
5297,fit
5298,fit
5299,fit
5300,fit
5301,fit
5304,fit
5305,fit
5317,fit
5318,fit
5322,fit
5342,early_stopping
5344,fit
5347,fit
5351,early_stopping
5352,fit
5357,fit
5358,fit
5359,fit
5360,fit
5361,fit
5363,fit
5368,fit
5371,early_stopping
5372,fit
5373,fit
5374,fit
5376,fit
5380,fit
5382,fit
5386,fit
5387,fit
5388,fit
5391,fit
5392,fit
5393,fit
5398,fit
5403,fit
5404,fit
5405,fit
5407,early_stopping
5415,fit
5416,fit
5417,fit
5419,fit
5422,fit
5423,early_stopping
5424,fit
5426,fit
5427,fit
5428,fit
5430,fit
5432,fit
5444,fit
5445,fit
5448,fit
5451,fit
5456,fit
5464,fit
5469,fit
5473,fit
5483,fit
5484,fit
5486,fit
5487,fit
5488,fit
5489,fit
5492,fit
5493,fit
5503,fit
5505,fit
5506,fit
5509,early_stopping
5524,fit
5525,fit
5526,fit
5529,fit
5530,fit
5531,fit
5535,fit
5536,fit
5537,fit
5538,fit
5539,early_stopping
5553,fit
5554,fit
5558,fit
5569,fit
5570,fit
5572,fit
5574,fit
5575,fit
5576,fit
5579,fit
5589,early_stopping
5590,early_stopping
5591,early_stopping
5592,early_stopping
5593,early_stopping
5598,early_stopping
5599,early_stopping
5601,early_stopping
5602,early_stopping
5605,fit
5606,fit
5607,fit
5609,fit
5611,fit
5612,fit
5613,fit
5618,fit
5627,fit
5634,fit
5636,fit
5641,fit
5642,fit
5644,fit
5647,fit
5669,fit
5670,fit
5671,fit
5672,fit
5673,fit
5677,fit
5679,fit
5680,fit
5681,fit
5683,fit
5687,fit
5688,fit
5690,early_stopping
5691,fit
5694,fit
5704,fit
5726,fit
5727,fit
5728,fit
5734,fit
5735,fit
5737,fit
5738,fit
5739,fit
5740,fit
5741,fit
5742,fit
5744,fit
5752,fit
5753,fit
5754,fit
5755,fit
5756,early_stopping
5758,fit
5760,early_stopping
5761,fit
5763,fit
5764,fit
5766,fit
5767,fit
5768,fit
5770,fit
5771,fit
5772,fit
5773,fit
5778,fit
5779,fit
5780,early_stopping
5781,fit
5782,early_stopping
5784,fit
5785,early_stopping
5787,fit
5788,fit
5790,fit
5794,fit
5797,fit
5798,fit
5799,fit
5803,fit
5805,fit
5806,fit
5814,fit
5815,fit
5816,early_stopping
5819,fit
5820,fit
5824,fit
5828,fit
5829,fit
5840,fit
5841,fit
5842,fit
5843,fit
5844,fit
5847,fit
5851,fit
5852,fit
5853,fit
5855,fit
5856,fit
5857,fit
5858,fit
5859,fit
5862,fit
5864,fit
5867,fit
5871,early_stopping
5874,fit
5877,fit
5888,fit
5896,fit
5897,early_stopping
5901,fit
5906,fit
5907,fit
5908,fit
5909,fit
5912,fit
5913,early_stopping
5914,fit
5916,early_stopping
5920,fit
5925,fit
5928,fit
5933,fit
5934,fit
5935,fit
5936,fit
5937,early_stopping
5942,fit
5943,fit
5946,early_stopping
5947,fit
5948,fit
5949,fit
5950,fit
5953,early_stopping
5955,fit
5958,fit
5962,fit
5963,fit
5965,fit
5984,fit
5985,early_stopping
5986,fit
5991,fit
5992,fit
5999,fit
6004,fit
6008,fit
6013,fit
6014,fit
6015,fit
6018,fit
6019,fit
6023,fit
6024,fit
6025,fit
6028,fit
6029,fit
6030,fit
6033,fit
6034,early_stopping
6036,fit
6042,fit
6045,fit
6046,fit
6053,early_stopping
6058,fit
6061,fit
6062,fit
6068,fit
6071,fit
6073,fit
6077,early_stopping
6082,fit
6083,fit
6085,fit
6086,fit
6087,fit
6089,fit
6090,fit
6091,fit
6092,fit
6093,early_stopping
6094,fit
6095,fit
6100,fit
6102,fit
6107,fit
6108,fit
6110,early_stopping
6112,early_stopping
6115,fit
6116,fit
6120,fit
6122,fit
6123,fit
6143,fit
6144,fit
6155,fit
6159,fit
6163,fit
6164,fit
6165,fit
6170,fit
6178,fit
6181,fit
6187,fit
6188,fit
6189,fit
6190,early_stopping
6192,fit
6194,fit
6196,fit
6197,fit
6204,fit
6206,fit
6211,fit
6216,fit
6246,fit
6256,fit
6260,fit
6266,fit
6268,fit
6269,fit
6271,fit
6272,fit
6273,fit
6276,early_stopping
6277,fit
6287,fit
6288,fit
6290,fit
6291,fit
6292,fit
6297,fit
6298,fit
6302,fit
6304,fit
6306,fit
6308,fit
6320,fit
6325,fit
6327,fit
6328,fit
6329,fit
6332,early_stopping
6333,fit
6335,fit
6338,fit
6345,fit
6346,fit
6348,fit
6349,fit
6350,fit
6353,fit
6355,fit
6357,fit
6358,fit
6359,fit
6360,fit
6361,fit
6362,fit
6363,fit
6364,fit
6366,fit
6368,fit
6370,fit
6375,fit
6378,fit
6383,early_stopping
6385,fit
6386,fit
6387,fit
6389,fit
6390,fit
6391,fit
6392,fit
6394,fit
6395,fit
6397,fit
6398,fit
6406,fit
6409,early_stopping
6415,fit
6421,fit
6422,fit
6423,fit
6424,fit
6425,fit
6426,fit
6427,fit
6428,fit
6429,fit
6432,fit
6434,fit
6437,fit
6440,fit
6462,fit
6463,fit
6465,fit
6467,fit
6469,fit
6474,fit
6476,fit
6477,fit
6478,fit
6479,fit
6480,fit
6484,fit
6487,fit
6490,fit
6492,fit
6493,fit
6504,fit
6505,fit
6510,fit
6511,early_stopping
6518,fit
6520,fit
6521,fit
6522,fit
6525,fit
6526,early_stopping
6528,fit
6529,fit
6535,fit
6541,fit
6542,early_stopping
6543,fit
6547,fit
6553,fit
6563,fit
6583,fit
6584,early_stopping
6585,early_stopping
6586,early_stopping
6587,early_stopping
6595,fit
6597,early_stopping
6598,fit
6599,fit
6600,fit
6601,early_stopping
6602,early_stopping
6603,early_stopping
6605,fit
6607,fit
6610,fit
6612,fit
6613,fit
6614,early_stopping
6615,fit
6620,fit
6632,early_stopping
6636,fit
6637,fit
6641,early_stopping
6645,fit
6646,fit
6647,fit
6663,fit
6665,fit
6667,fit
6668,fit
6671,early_stopping
6677,fit
6678,fit
6679,fit
6680,fit
6681,fit
6682,fit
6683,fit
6687,fit
6692,fit
6693,fit
6694,fit
6695,fit
6696,fit
6697,early_stopping
6698,fit
6701,fit
6702,fit
6705,fit
6708,fit
6713,fit
6716,fit
6719,fit
6720,fit
6721,fit
6722,fit
6723,fit
6724,fit
6725,fit
6726,fit
6729,fit
6736,fit
6737,fit
6790,fit
6791,early_stopping
6794,fit
6797,early_stopping
6800,early_stopping
6801,fit
6805,fit
6815,fit
6816,fit
6817,fit
6819,fit
6820,fit
6824,fit
6826,fit
6827,fit
6829,early_stopping
6837,fit
6838,fit
6839,fit
6840,fit
6845,fit
6848,fit
6851,fit
6852,early_stopping
6854,fit
6857,fit
6858,fit
6860,fit
6872,fit
6877,fit
6882,fit
6884,fit
6885,fit
6887,fit
6892,fit
6894,fit
6896,fit
6899,early_stopping
6900,fit
6901,fit
6903,fit
6908,fit
6911,fit
6912,fit
6922,fit
6923,fit
6938,fit
6955,fit
6960,fit
6966,fit
6968,fit
6973,fit
6974,fit
6975,fit
6976,fit
6977,fit
6980,fit
6987,fit
6988,fit
6989,fit
6994,fit
7000,fit
7001,fit
7004,fit
7005,fit
7022,fit
7023,fit
7024,fit
7025,fit
7026,fit
7028,fit
7029,fit
7030,fit
7031,fit
7034,fit
7035,fit
7037,fit
7038,early_stopping
7042,fit
7043,fit
7044,fit
7045,fit
7046,fit
7047,fit
7049,fit
7050,fit
7054,fit
7056,fit
7057,fit
7059,fit
7060,fit
7069,fit
7070,fit
7072,fit
7074,fit
7075,fit
7077,fit
7080,fit
7081,fit
7086,fit
7087,fit
7091,fit
7097,fit
7099,fit
7102,fit
7105,fit
7106,fit
7108,fit
7109,fit
7112,fit
7113,fit
7117,fit
7118,fit
7119,fit
7123,fit
7126,fit
7129,fit
7132,fit
7133,fit
7134,early_stopping
7135,early_stopping
7145,fit
7146,fit
7147,fit
7149,early_stopping
7152,fit
7154,fit
7156,early_stopping
7161,fit
7162,fit
7165,fit
7168,fit
7170,fit
7172,early_stopping
7173,fit
7176,fit
7181,fit
7182,fit
7183,fit
7184,fit
7185,fit
7186,fit
7187,fit
7188,fit
7189,fit
7190,fit
7191,fit
7194,fit
7196,fit
7202,fit
7203,fit
7206,fit
7211,fit
7212,early_stopping
7214,fit
7220,fit
7225,fit
7233,fit
7239,fit
7242,fit
7245,fit
7246,fit
7248,fit
7249,fit
7250,fit
7251,fit
7252,fit
7257,fit
7258,early_stopping
7259,fit
7262,fit
7263,fit
7264,early_stopping
7265,fit
7266,fit
7267,fit
7268,fit
7269,fit
7271,fit
7273,early_stopping
7279,fit
7281,fit
7282,fit
7283,fit
7284,fit
7286,fit
7287,fit
7288,fit
7289,fit
7290,fit
7291,fit
7292,fit
7293,fit
7294,fit
7295,fit
7296,fit
7297,fit
7300,fit
7301,fit
7302,fit
7303,fit
7304,fit
7305,fit
7306,fit
7307,fit
7308,fit
7310,fit
7311,fit
7314,fit
7315,early_stopping
7316,fit
7317,fit
7318,fit
7321,fit
7322,fit
7327,fit
7331,fit
7333,fit
7334,fit
7343,fit
7345,early_stopping
7347,fit
7352,fit
7354,fit
7355,fit
7356,fit
7361,fit
7363,fit
7364,fit
7366,fit
7367,fit
7370,fit
7371,fit
7375,fit
7377,fit
7378,fit
7396,fit
7400,fit
7402,fit
7403,early_stopping
7404,early_stopping
7405,early_stopping
7408,fit
7409,fit
7411,early_stopping
7412,fit
7415,fit
7416,fit
7417,fit
7418,fit
7419,fit
7420,fit
7421,fit
7431,fit
7432,fit
7434,fit
7438,fit
7440,fit
7441,fit
7442,fit
7446,fit
7448,fit
7452,fit
7457,fit
7458,fit
7459,fit
7460,fit
7461,fit
7462,fit
7463,fit
7464,fit
7467,early_stopping
7478,fit
7485,early_stopping
7487,fit
7493,early_stopping
7495,fit
7496,fit
7497,fit
7507,fit
7517,fit
7518,fit
7519,fit
7524,fit
7525,early_stopping
7528,fit
7531,fit
7532,fit
7533,fit
7534,fit
7538,early_stopping
7544,fit
7552,fit
7554,fit
7560,early_stopping
7568,fit
7574,fit
7577,fit
7582,fit
7584,fit
7585,fit
7586,fit
7589,fit
7590,early_stopping
7598,fit
7605,fit
7606,fit
7609,fit
7610,fit
7611,fit
7612,fit
7615,fit
7616,fit
7618,fit
7619,fit
7621,fit
7623,fit
7624,fit
7625,fit
7627,fit
7639,fit
7663,fit
7670,fit
7678,fit
7680,fit
7681,fit
7682,early_stopping
7683,fit
7684,fit
7685,fit
7686,fit
7687,fit
7688,fit
7689,fit
7693,fit
7697,fit
7698,fit
7699,fit
7700,fit
7714,fit
7728,fit
7731,fit
7733,fit
7735,fit
7738,fit
7742,fit
7743,fit
7750,fit
7751,fit
7752,fit
7753,fit
7754,fit
7755,fit
7758,fit
7759,fit
7764,fit
7765,fit
7768,fit
7769,fit
7771,fit
7776,fit
7781,fit
7783,fit
7841,early_stopping
7842,fit
7843,fit
7844,fit
7848,fit
7852,fit
7855,fit
7856,fit
7857,fit
7864,fit
7865,early_stopping
7881,fit
7886,fit
7897,fit
7899,fit
7901,fit
7902,fit
7903,fit
7908,fit
7921,early_stopping
7922,fit
7923,fit
7925,fit
7935,fit
7940,fit
7943,fit
7945,fit
7946,fit
7947,early_stopping
7949,fit
7950,fit
7951,fit
7953,fit
7958,fit
7960,fit
7961,fit
7968,fit
7969,fit
7970,fit
7972,fit
7974,fit
7975,fit
7977,fit
7980,fit
7982,fit
7984,fit
7985,fit
7986,fit
7987,fit
7988,fit
8012,fit
8015,fit
8016,fit
8017,fit
8019,fit
8023,fit
8030,fit
8044,fit
8045,fit
8050,fit
8051,fit
8056,fit
8057,fit
8060,fit
8065,fit
8066,fit
8068,fit
8069,fit
8070,fit
8073,fit
8076,fit
8079,fit
8080,fit
8081,fit
8082,early_stopping
8088,early_stopping
8091,fit
8095,fit
8096,fit
8102,fit
8115,fit
8121,fit
8122,early_stopping
8124,fit
8125,fit
8133,fit
8143,fit
8144,fit
8147,fit
8148,fit
8149,fit
8154,fit
8166,fit
8173,fit
8178,fit
8199,fit
8200,fit
8208,fit
8214,fit
8218,fit
8235,fit
8237,fit
8238,fit
8239,fit
8240,fit
8245,fit
8246,fit
8247,fit
8249,fit
8250,fit
8252,fit
8261,fit
8262,early_stopping
8265,fit
8266,fit
8267,fit
8285,fit
8288,fit
8291,fit
8296,fit
8298,fit
8299,fit
8301,fit
8303,early_stopping
8308,fit
8317,fit
8318,fit
8319,fit
8320,fit
8322,fit
8325,fit
8326,fit
8328,fit
8329,fit
8330,fit
8331,fit
8335,fit
8336,fit
8340,fit
8341,fit
8343,fit
8344,fit
8345,fit
8350,fit
8353,early_stopping
8360,fit
8366,fit
8371,fit
8384,fit
8385,fit
8391,fit
8399,fit
8400,fit
8401,fit
8402,fit
8403,fit
8405,fit
8407,fit
8410,fit
8412,fit
8417,fit
8418,fit
8428,fit
8429,fit
8430,fit
8431,fit
8432,fit
8433,fit
8434,fit
8435,fit
8436,fit
8438,early_stopping
8446,fit
8451,fit
8452,fit
8453,fit
8454,fit
8455,fit
8456,fit
8458,fit
8466,fit
8471,fit
8472,fit
8475,fit
8477,fit
8480,fit
8481,fit
8486,fit
8488,fit
8489,fit
8490,fit
8493,fit
8500,fit
8503,fit
8515,fit
8516,fit
8520,fit
8524,fit
8536,fit
8538,fit
8542,fit
8543,fit
8548,fit
8557,fit
8570,fit
8573,fit
8577,fit
8578,fit
8590,fit
8591,fit
8592,fit
8593,fit
8594,fit
8595,fit
8597,fit
8599,fit
8600,fit
8602,fit
8603,fit
8604,fit
8605,fit
8606,fit
8607,fit
8610,fit
8611,fit
8612,fit
8614,fit
8615,fit
8616,fit
8628,fit
8629,fit
8632,fit
8638,fit
8643,fit
8645,fit
8646,fit
8647,fit
8648,fit
8649,fit
8651,fit
8654,fit
8655,fit
8656,fit
8659,fit
8660,fit
8661,fit
8662,fit
8663,fit
8664,fit
8665,fit
8666,fit
8667,fit
8668,fit
8669,fit
8674,fit
8698,fit
8702,fit
8704,fit
8706,fit
8709,fit
8728,fit
8734,fit
8735,fit
8739,fit
8746,fit
8748,fit
8750,fit
8752,fit
8754,fit
8755,fit
8756,fit
8758,fit
8759,fit
8763,fit
8764,fit
8765,fit
8766,fit
8775,fit
8776,fit
8779,fit
8781,fit
8783,fit
8791,fit
8795,fit
8798,fit
8800,fit
8804,fit
8813,fit
8816,early_stopping
8817,early_stopping
8819,fit
8820,early_stopping
8830,fit
8831,fit
8834,fit
8835,fit
8841,fit
8843,fit
8847,fit
8848,early_stopping
8856,fit
8859,fit
8860,fit
8861,fit
8862,fit
8869,fit
8870,fit
8871,fit
8872,fit
8887,fit
8889,fit
8891,fit
8895,early_stopping
8896,fit
8898,fit
8912,fit
8916,fit
8919,fit
8922,fit
8925,fit
8928,fit
8931,fit
8936,early_stopping
8938,fit
8939,fit
8948,fit
8949,fit
8951,fit
8953,fit
8954,fit
8956,fit
8958,fit
8962,early_stopping
8964,fit
8965,fit
8966,fit
8967,fit
8973,fit
8974,fit
8982,fit
8983,fit
8984,fit
8985,fit
8986,fit
8987,fit
8988,fit
8991,fit
8992,fit
8993,fit
8995,fit
8996,fit
8997,fit
8998,fit
8999,fit
9000,fit
9001,fit
9002,fit
9003,fit
9004,fit
9007,fit
9009,fit
9011,fit
9022,fit
9028,fit
9029,early_stopping
9032,fit
9040,fit
9047,fit
9048,fit
9049,fit
9053,early_stopping
9063,fit
9064,fit
9065,fit
9066,fit
9067,fit
9068,fit
9069,fit
9070,fit
9074,fit
9075,fit
9077,fit
9080,fit
9081,fit
9086,fit
9089,fit
9112,fit
9114,fit
9115,fit
9116,fit
9117,fit
9118,fit
9119,fit
9120,fit
9121,fit
9124,fit
9125,fit
9126,fit
9128,fit
9139,fit
9150,fit
9151,fit
9152,fit
9153,fit
9155,fit
9156,fit
9158,fit
9166,fit
9168,fit
9170,fit
9171,fit
9172,fit
9174,fit
9178,early_stopping
9179,fit
9180,fit
9184,fit
9186,fit
9188,fit
9189,fit
9190,fit
9192,fit
9193,fit
9194,fit
9196,fit
9197,fit
9200,fit
9201,fit
9212,fit
9220,fit
9221,fit
9223,fit
9224,fit
9225,fit
9242,fit
9253,fit
9259,fit
9260,fit
9261,fit
9262,fit
9263,fit
9264,fit
9265,fit
9268,fit
9269,fit
9283,early_stopping
9284,fit
9285,fit
9291,fit
9297,early_stopping
9298,fit
9310,fit
9311,fit
9315,fit
9317,fit
9320,fit
9328,fit
9331,fit
9332,fit
9333,fit
9334,fit
9335,fit
9336,fit
9339,early_stopping
9340,fit
9345,fit
9346,fit
9347,fit
9348,fit
9354,fit
9355,fit
9357,fit
9358,fit
9361,fit
9364,fit
9366,fit
9368,fit
9369,fit
9371,fit
9372,fit
9373,fit
9374,fit
9385,fit
9401,fit
9404,early_stopping
9405,fit
9408,fit
9411,early_stopping
9419,fit
9422,fit
9425,fit
9427,fit
9428,fit
9429,fit
9430,fit
9434,fit
9435,early_stopping
9437,fit
9439,fit
9440,fit
9442,fit
9463,fit
9468,fit
9470,fit
9490,fit
9491,early_stopping
9493,fit
9494,fit
9498,fit
9499,fit
9501,fit
9502,fit
9509,fit
9515,fit
9516,fit
9517,fit
9518,fit
9519,fit
9521,early_stopping
9523,early_stopping
9525,fit
9527,early_stopping
9530,early_stopping
9531,early_stopping
9532,early_stopping
9533,early_stopping
9534,early_stopping
9535,early_stopping
9536,early_stopping
9537,early_stopping
9538,early_stopping
9539,early_stopping
9540,fit
9546,early_stopping
9549,fit
9551,early_stopping
9559,fit
9560,fit
9564,fit
9575,early_stopping
9585,fit
9596,early_stopping
9603,early_stopping
9604,early_stopping
9608,fit
9609,fit
9618,fit
9619,fit
9620,fit
9621,fit
9622,fit
9627,fit
9638,fit
9640,fit
9648,fit
9649,fit
9650,fit
9652,fit
9653,fit
9656,fit
9658,fit
9661,early_stopping
9667,fit
9670,early_stopping
9674,fit
9675,fit
9676,fit
9680,fit
9681,fit
9682,fit
9683,fit
9684,fit
9691,fit
9692,fit
9693,fit
9694,fit
9706,fit
9712,fit
9727,fit
9728,fit
9729,fit
9731,fit
9732,fit
9733,fit
9736,fit
9737,fit
9738,fit
9739,fit
9744,fit
9756,early_stopping
9757,early_stopping
9758,early_stopping
9759,early_stopping
9763,early_stopping
9764,early_stopping
9765,fit
9771,fit
9772,fit
9773,fit
9774,fit
9775,fit
9776,fit
9777,early_stopping
9778,fit
9779,early_stopping
9780,fit
9787,fit
9793,fit
9795,fit
9800,fit
9805,fit
9807,fit
9810,fit
9814,fit
9821,fit
9829,fit
9838,fit
9841,fit
9847,fit
9849,fit
9852,fit
9853,fit
9861,fit
9862,fit
9864,fit
9870,fit
9883,early_stopping
9884,early_stopping
9886,early_stopping
9887,early_stopping
9888,early_stopping
9889,early_stopping
9890,early_stopping
9893,early_stopping
9894,early_stopping
9897,early_stopping
9899,early_stopping
9900,early_stopping
9901,fit
9910,fit
9920,early_stopping
9925,fit
9926,fit
9932,fit
9938,fit
9940,fit
9946,fit
9948,fit
9952,fit
9954,fit
9955,fit
9957,fit
9958,fit
9959,fit
9960,fit
9961,fit
9962,fit
9963,fit
9964,fit
9965,fit
9966,fit
9968,fit
9972,fit
9973,fit
9974,fit
9975,fit
9976,fit
9977,fit
9978,fit
9981,fit
9983,fit
9984,fit
9987,fit
9989,fit
10024,early_stopping
10037,fit
10038,fit
10039,fit
10040,fit
10041,fit
10045,fit
10046,fit
10048,fit
10052,fit
10054,fit
10057,fit
10058,fit
10059,fit
10060,fit
10061,fit
10062,fit
10068,fit
10069,fit
10070,fit
10071,fit
10072,fit
10079,fit
10080,fit
10081,fit
10089,fit
10093,early_stopping
10097,fit
10102,fit
10104,fit
10105,fit
10106,fit
10112,fit
10114,fit
10115,fit
10118,fit
10121,fit
10122,fit
10124,fit
10125,early_stopping
10134,fit
10135,fit
10136,fit
10138,fit
10139,fit
10140,fit
10143,fit
10145,fit
10146,fit
10149,fit
10150,fit
10152,fit
10154,fit
10155,fit
10159,early_stopping
10160,early_stopping
10161,early_stopping
10165,fit
10166,fit
10168,early_stopping
10174,early_stopping
10176,early_stopping
10177,early_stopping
10178,early_stopping
10179,early_stopping
10180,early_stopping
10181,fit
10182,fit
10183,fit
10184,fit
10185,fit
10187,fit
10191,fit
10205,fit
10211,fit
10217,early_stopping
10218,fit
10235,fit
10236,fit
10237,fit
10238,fit
10239,fit
10240,fit
10241,fit
10263,fit
10267,fit
10271,fit
10273,fit
10274,fit
10276,fit
10277,fit
10279,fit
10281,fit
10285,fit
10287,fit
10288,fit
10289,fit
10293,fit
10322,fit
10323,fit
10324,fit
10325,fit
10327,fit
10328,fit
10329,fit
10330,fit
10331,fit
10332,fit
10334,fit
10342,fit
10351,fit
10352,fit
10368,fit
10369,fit
10370,fit
10372,fit
10375,early_stopping
10384,fit
10406,fit
10410,fit
10411,fit
10414,fit
10416,fit
10418,fit
10427,fit
10435,fit
10436,fit
10438,fit
10439,fit
10441,fit
10446,fit
10447,fit
10452,fit
10462,fit
10466,fit
10468,fit
10469,fit
10470,fit
10473,fit
10475,fit
10476,fit
10477,fit
10478,fit
10479,fit
10480,fit
10481,fit
10490,fit
10492,fit
10493,fit
10495,fit
10496,fit
10499,fit
10500,fit
10503,fit
10508,fit
10509,fit
10510,fit
10511,fit
10512,fit
10517,fit
10518,fit
10519,fit
10523,early_stopping
10525,fit
10527,fit
10529,fit
10530,fit
10532,fit
10533,fit
10534,fit
10535,fit
10540,early_stopping
10541,fit
10550,fit
10551,fit
10552,fit
10557,fit
10558,fit
10560,fit
10562,fit
10578,fit
10579,fit
10581,fit
10582,fit
10583,fit
10586,fit
10587,fit
10588,fit
10590,fit
10591,fit
10592,fit
10593,fit
10600,fit
10601,fit
10603,fit
10605,fit
10607,fit
10608,fit
10609,fit
10612,fit
10613,fit
10614,fit
10619,fit
10620,fit
10623,early_stopping
10624,fit
10629,fit
10632,fit
10633,fit
10634,fit
10635,fit
10636,fit
10640,fit
10644,fit
10645,fit
10646,fit
10648,fit
10650,fit
10651,fit
10657,fit
10659,fit
10662,fit
10665,fit
10668,fit
10669,fit
10670,fit
10671,fit
10673,fit
10679,early_stopping
10680,fit
10682,fit
10683,early_stopping
10686,fit
10687,fit
10688,fit
10690,fit
10691,fit
10692,fit
10693,fit
10694,fit
10695,fit
10699,fit
10706,fit
10708,fit
10710,fit
10713,fit
10715,fit
10722,fit
10723,early_stopping
10724,early_stopping
10725,early_stopping
10726,fit
10728,fit
10729,fit
10731,early_stopping
10740,fit
10743,fit
10745,fit
10749,early_stopping
10750,early_stopping
10751,fit
10752,fit
10754,fit
10756,fit
10761,fit
10762,fit
10764,fit
10765,fit
10771,fit
10772,fit
10773,fit
10774,fit
10779,fit
10782,fit
10784,fit
10785,fit
10786,fit
10787,fit
10796,fit
10797,fit
10798,fit
10800,fit
10804,fit
10808,fit
10813,fit
10814,fit
10815,fit
10818,fit
10819,fit
10821,fit
10823,fit
10826,fit
10827,fit
10830,fit
10831,fit
10832,fit
10838,fit
10839,fit
10840,fit
10841,fit
10852,fit
10855,fit
10858,fit
10859,fit
10862,fit
10863,fit
10864,early_stopping
10869,fit
10870,fit
10871,fit
10877,fit
10883,early_stopping
10885,fit
10887,fit
10892,fit
10895,fit
10896,fit
10898,fit
10901,early_stopping
10904,fit
10907,fit
10920,fit
10922,fit
10923,fit
10924,fit
10926,fit
10927,early_stopping
10928,fit
10931,fit
10934,fit
10947,fit
10977,fit
10980,fit
10984,fit
10985,fit
10988,fit
10992,fit
10997,fit
10998,early_stopping
11005,fit
11006,fit
11007,fit
11009,fit
11010,fit
11011,early_stopping
11015,fit
11016,fit
11017,fit
11018,fit
11020,fit
11022,fit
11024,fit
11027,fit
11030,fit
11035,fit
11038,fit
11039,fit
11041,fit
11044,fit
11046,fit
11058,fit
11061,fit
11077,fit
11081,fit
11082,fit
11087,fit
11089,fit
11096,fit
11097,fit
11105,fit
11108,fit
11116,fit
11118,fit
11124,early_stopping
11125,fit
11126,fit
11128,early_stopping
11129,early_stopping
11133,fit
11135,fit
11138,early_stopping
11149,fit
11150,fit
11151,fit
11153,fit
11157,fit
11161,fit
11163,fit
11164,fit
11168,early_stopping
11169,fit
11173,early_stopping
11178,fit
11203,fit
11204,fit
11205,fit
11207,fit
11208,fit
11209,fit
11210,fit
11214,fit
11216,fit
11218,fit
11220,fit
11221,fit
11236,fit
11238,fit
11239,fit
11241,fit
11243,fit
11244,fit
11247,fit
11254,fit
11260,fit
11261,fit
11281,fit
11283,fit
11287,fit
11288,fit
11305,fit
11309,fit
11312,early_stopping
11315,fit
11330,early_stopping
11331,fit
11332,fit
11333,early_stopping
11335,early_stopping
11337,fit
11339,fit
11341,fit
11342,early_stopping
11347,fit
11367,fit
11369,fit
11371,fit
11372,fit
11373,fit
11374,fit
11377,fit
11378,fit
11398,fit
11412,fit
11418,early_stopping
11419,early_stopping
11425,fit
11426,fit
11427,fit
11432,fit
11433,fit
11435,fit
11439,fit
11441,fit
11442,fit
11444,fit
11445,fit
11446,fit
11447,fit
11451,fit
11457,fit
11467,fit
11468,early_stopping
11472,fit
11477,fit
11483,fit
11485,fit
11488,fit
11493,fit
11500,fit
11501,fit
11503,fit
11504,fit
11508,fit
11523,fit
11525,fit
11537,early_stopping
11543,fit
11544,fit
11546,fit
11548,fit
11549,fit
11550,fit
11558,fit
11559,fit
11560,fit
11562,fit
11563,fit
11564,early_stopping
11567,early_stopping
11568,early_stopping
11569,fit
11580,fit
11581,early_stopping
11584,fit
11587,fit
11588,fit
11606,fit
11608,fit
11609,fit
11610,fit
11614,fit
11627,fit
11628,fit
11629,fit
11646,fit
11670,fit
11684,fit
11685,fit
11702,fit
11713,fit
11716,early_stopping
11721,fit
11722,fit
11723,fit
11724,fit
11725,fit
11730,fit
11731,fit
11734,early_stopping
11735,fit
11736,fit
11750,fit
11751,fit
11760,fit
11761,fit
11769,fit
11770,fit
11771,fit
11773,fit
11774,fit
11775,fit
11778,early_stopping
11796,fit
11810,fit
11812,fit
11813,fit
11814,fit
11817,fit
11819,fit
11820,fit
11821,early_stopping
11822,early_stopping
11823,early_stopping
11824,early_stopping
11825,early_stopping
11826,early_stopping
11827,early_stopping
11828,early_stopping
11830,fit
11834,early_stopping
11836,early_stopping
11837,early_stopping
11839,early_stopping
11840,early_stopping
11842,fit
11843,early_stopping
11844,early_stopping
11845,early_stopping
11846,early_stopping
11848,early_stopping
11849,fit
11865,fit
11882,early_stopping
11913,early_stopping
11931,fit
11933,fit
11935,fit
11943,fit
11948,fit
11953,fit
11954,fit
11955,early_stopping
11958,fit
11959,fit
11960,fit
11965,fit
11975,fit
11976,fit
11980,fit
11987,fit
11988,fit
11991,fit
11993,fit
11999,fit
12001,fit
12025,early_stopping
12048,fit
12049,fit
12050,fit
12051,fit
12052,fit
12056,fit
12057,fit
12060,fit
12061,fit
12062,fit
12066,fit
12083,fit
12103,early_stopping
12104,fit
12105,fit
12109,fit
12111,fit
12116,fit
12137,early_stopping
12151,fit
12154,fit
12155,fit
12156,fit
12157,fit
12158,fit
12159,fit
12170,fit
12192,fit
12194,fit
12197,fit
12198,fit
12199,fit
12200,early_stopping
12201,early_stopping
12208,fit
12213,fit
12215,fit
12218,fit
12221,fit
12231,fit
12240,fit
12241,fit
12243,fit
12244,fit
12245,fit
12246,fit
12247,fit
12248,fit
12249,fit
12250,fit
12251,fit
12252,fit
12253,fit
12256,fit
12260,fit
12261,fit
12262,fit
12264,fit
12265,fit
12281,fit
12283,fit
12284,fit
12285,fit
12286,fit
12287,fit
12290,early_stopping
12291,fit
12293,fit
12294,fit
12295,fit
12296,fit
12300,fit
12301,fit
12304,fit
12306,fit
12307,fit
12308,fit
12309,fit
12312,fit
12315,fit
12318,fit
12319,fit
12320,fit
12326,fit
12339,fit
12351,fit
12352,fit
12356,fit
12369,fit
12370,fit
12371,fit
12376,fit
12378,fit
12380,fit
12381,fit
12386,fit
12387,fit
12392,fit
12393,fit
12420,early_stopping
12428,fit
12429,fit
12430,fit
12431,fit
12432,fit
12433,fit
12434,fit
12438,fit
12456,fit
12460,fit
12461,fit
12462,fit
12465,fit
12466,fit
12468,fit
12471,fit
12472,fit
12474,fit
12475,fit
12476,fit
12485,early_stopping
12493,fit
12494,fit
12495,fit
12497,fit
12502,fit
12511,fit
12513,fit
12523,fit
12524,early_stopping
12526,fit
12533,fit
12534,fit
12535,fit
12536,fit
12537,fit
12539,fit
12547,fit
12555,fit
12556,fit
12558,early_stopping
12559,early_stopping
12560,fit
12561,fit
12562,fit
12563,fit
12564,fit
12566,fit
12567,fit
12569,fit
12570,fit
12574,fit
12575,fit
12576,fit
12578,fit
12579,fit
12581,fit
12583,fit
12587,fit
12595,fit
12597,early_stopping
12602,fit
12605,fit
12608,fit
12609,fit
12612,fit
12614,fit
12617,fit
12622,fit
12623,fit
12624,fit
12625,fit
12640,fit
12646,fit
12652,fit
12653,fit
12658,fit
12659,fit
12664,fit
12669,fit
12676,fit
12677,early_stopping
12682,early_stopping
12684,fit
12685,early_stopping
12689,fit
12691,fit
12693,fit
12695,fit
12696,fit
12700,fit
12712,fit
12719,fit
12721,fit
12722,fit
12726,fit
12727,early_stopping
12729,fit
12736,fit
12737,fit
12738,fit
12741,fit
12742,fit
12745,early_stopping
12747,early_stopping
12749,fit
12753,fit
12758,fit
12764,fit
12767,fit
12768,fit
12769,early_stopping
12772,fit
12773,fit
12778,early_stopping
12780,fit
12781,fit
12782,fit
12783,fit
12784,fit
12785,fit
12792,fit
12795,fit
12796,fit
12799,fit
12803,fit
12805,fit
12806,fit
12811,fit
12812,fit
12814,fit
12815,fit
12816,fit
12818,fit
12821,fit
12822,fit
12823,fit
12824,fit
12825,fit
12829,fit
12830,fit
12831,fit
12832,fit
12833,early_stopping
12835,fit
12836,fit
12840,fit
12845,fit
12858,fit
12859,fit
12861,fit
12867,fit
12868,fit
12869,fit
12870,fit
12871,fit
12875,fit
12877,fit
12878,fit
12880,fit
12881,fit
12882,fit
12883,fit
12886,fit
12887,fit
12888,fit
12889,fit
12892,early_stopping
12893,fit
12895,early_stopping
12897,fit
12898,fit
12901,fit
12902,fit
12904,fit
12905,fit
12906,fit
12907,fit
12909,fit
12911,fit
12912,fit
12913,fit
12914,fit
12916,fit
12917,fit
12919,fit
12921,fit
12922,fit
12923,fit
12924,fit
12925,fit
12926,fit
12927,fit
12929,fit
12933,early_stopping
12935,fit
12936,fit
12937,fit
12942,fit
12944,fit
12949,early_stopping
12950,early_stopping
12954,early_stopping
12955,fit
12956,fit
12969,early_stopping
12970,early_stopping
12975,fit
12984,fit
12985,fit
12988,fit
12989,fit
12995,fit
12996,fit
12997,fit
13001,fit
13022,fit
13028,fit
13029,fit
13032,fit
13033,fit
13034,fit
13035,fit
13036,fit
13037,fit
13038,fit
13039,fit
13040,fit
13042,fit
13043,fit
13049,fit
13050,fit
13052,early_stopping
13053,early_stopping
13056,fit
13058,early_stopping
13059,fit
13062,fit
13092,fit
13093,fit
13094,fit
13097,fit
13098,fit
13099,fit
13100,fit
13102,fit
13103,fit
13105,fit
13107,fit
13111,fit
13115,fit
13131,fit
13133,fit
13135,fit
13139,fit
13141,fit
13142,fit
13144,fit
13145,fit
13147,fit
13148,fit
13150,fit
13151,fit
13152,fit
13153,fit
13154,fit
13155,fit
13156,fit
13157,early_stopping
13159,fit
13162,fit
13163,fit
13165,fit
13166,fit
13167,fit
13168,fit
13170,fit
13173,fit
13174,fit
13184,fit
13185,fit
13192,fit
13194,fit
13200,fit
13201,fit
13205,fit
13206,fit
13207,fit
13211,fit
13212,fit
13220,fit
13222,fit
13223,fit
13224,fit
13225,fit
13227,early_stopping
13237,fit
13239,fit
13244,fit
13254,fit
13282,fit
13286,fit
13288,fit
13295,fit
13297,fit
13298,fit
13304,fit
13307,fit
13308,early_stopping
13309,fit
13310,fit
13313,fit
13314,fit
13316,fit
13327,fit
13330,early_stopping
13332,fit
13333,fit
13334,fit
13335,fit
13336,fit
13337,fit
13349,fit
13352,fit
13355,fit
13356,fit
13357,fit
13359,fit
13364,fit
13365,fit
13367,fit
13370,fit
13371,fit
13374,fit
13375,fit
13377,early_stopping
13381,early_stopping
13384,early_stopping
13387,fit
13388,fit
13389,fit
13393,early_stopping
13396,fit
13406,fit
13409,early_stopping
13415,fit
13416,fit
13436,early_stopping
13438,early_stopping
13440,fit
13447,fit
13448,early_stopping
13449,fit
13453,fit
13454,fit
13466,early_stopping
13477,early_stopping
13478,early_stopping
13479,early_stopping
13482,fit
13484,fit
13485,fit
13487,fit
13491,fit
13499,fit
13504,fit
13511,fit
13512,fit
13513,fit
13516,fit
13522,fit
13526,fit
13530,fit
13534,fit
13536,fit
13546,early_stopping
13550,fit
13556,fit
13557,fit
13562,fit
13565,fit
13568,fit
13571,fit
13573,fit
13574,fit
13575,fit
13576,fit
13578,fit
13580,fit
13581,fit
13600,fit
13601,early_stopping
13608,fit
13609,fit
13611,fit
13612,early_stopping
13616,fit
13660,fit
13662,fit
13663,fit
13669,fit
13670,fit
13672,fit
13674,fit
13675,fit
13678,fit
13680,fit
13684,fit
13685,fit
13689,fit
13696,fit
13702,fit
13703,fit
13713,fit
13717,fit
13718,fit
13719,fit
13720,fit
13727,fit
13739,early_stopping
13740,early_stopping
13742,fit
13744,fit
13746,fit
13747,early_stopping
13755,fit
13760,fit
13761,fit
13764,fit
13765,fit
13766,fit
13767,early_stopping
13768,fit
13769,fit
13772,fit
13773,early_stopping
13775,fit
13780,fit
13791,fit
13799,fit
13801,fit
13810,fit
13811,fit
13814,fit
13824,fit
13826,fit
13828,fit
13829,fit
13830,fit
13837,fit
13839,fit
13843,fit
13864,early_stopping
13871,fit
13872,fit
13873,fit
13874,fit
13875,fit
13877,fit
13885,fit
13886,early_stopping
13887,fit
13891,fit
13893,fit
13898,fit
13901,fit
13902,fit
13903,fit
13904,fit
13906,fit
13909,fit
13912,fit
13913,fit
13914,fit
13917,early_stopping
13918,fit
13921,fit
13922,fit
13923,fit
13928,fit
13929,fit
13930,fit
13931,fit
13932,fit
13939,fit
13943,fit
13947,fit
13949,fit
13950,fit
13951,fit
13955,fit
13957,fit
13958,fit
13961,fit
13964,fit
13969,fit
13972,fit
13973,fit
13974,fit
13975,fit
13977,fit
13978,fit
13979,fit
13984,fit
13985,fit
13986,fit
13987,fit
13988,fit
13990,fit
13991,fit
13992,fit
13993,fit
13994,fit
13995,fit
13997,fit
13998,fit
13999,fit
14000,fit
14001,fit
14002,fit
14003,fit
14004,fit
14005,fit
14013,early_stopping
14016,fit
14017,fit
14036,fit
14037,fit
14038,fit
14051,fit
14057,fit
14060,fit
14063,fit
14065,fit
14067,fit
14069,fit
14070,fit
14071,fit
14073,fit
14074,fit
14076,early_stopping
14077,fit
14079,fit
14080,fit
14081,fit
14085,fit
14087,fit
14088,fit
14090,fit
14091,fit
14092,fit
14094,fit
14095,fit
14096,fit
14097,fit
14100,fit
14110,fit
14111,fit
14115,fit
14118,fit
14119,fit
14120,fit
14121,fit
14124,fit
14126,fit
14130,fit
14133,fit
14140,fit
14141,fit
14144,fit
14146,fit
14147,fit
14148,fit
14149,fit
14151,fit
14157,fit
14160,fit
14163,fit
14165,fit
14166,fit
14177,fit
14178,fit
14179,fit
14180,fit
14186,fit
14187,fit
14188,fit
14189,fit
14190,fit
14192,fit
14193,fit
14195,fit
14203,fit
14205,fit
14208,fit
14210,fit
14211,fit
14215,fit
14217,fit
14220,early_stopping
14222,fit
14224,early_stopping
14227,fit
14229,early_stopping
14230,fit
14234,fit
14235,fit
14238,fit
14239,fit
14259,fit
14260,fit
14261,fit
14262,fit
14263,fit
14265,fit
14266,fit
14267,fit
14268,fit
14269,fit
14271,fit
14272,fit
14273,fit
14274,fit
14277,fit
14280,fit
14287,early_stopping
14289,fit
14292,fit
14293,early_stopping
14294,fit
14297,fit
14300,fit
14309,fit
14313,fit
14314,fit
14323,fit
14325,fit
14331,early_stopping
14332,fit
14333,fit
14339,early_stopping
14351,fit
14353,fit
14354,fit
14355,fit
14356,fit
14357,fit
14358,fit
14359,fit
14360,fit
14361,fit
14362,fit
14364,fit
14365,fit
14368,fit
14382,fit
14383,fit
14386,early_stopping
14387,early_stopping
14388,early_stopping
14397,fit
14398,fit
14401,fit
14402,fit
14403,fit
14406,fit
14416,fit
14432,fit
14434,fit
14435,fit
14436,fit
14443,fit
14447,fit
14448,fit
14456,fit
14457,early_stopping
14459,fit
14460,fit
14462,fit
14467,fit
14470,early_stopping
14471,fit
14472,fit
14476,early_stopping
14481,fit
14489,fit
14494,fit
14495,fit
14496,fit
14525,fit
14526,fit
14527,fit
14529,fit
14532,fit
14534,fit
14535,fit
14536,fit
14555,fit
14557,fit
14558,fit
14559,fit
14560,fit
14562,fit
14563,fit
14564,fit
14569,fit
14570,fit
14571,fit
14572,fit
14573,fit
14575,fit
14576,early_stopping
14578,fit
14588,fit
14626,early_stopping
14630,fit
14631,fit
14644,fit
14646,fit
14647,fit
14652,fit
14653,fit
14654,fit
14655,fit
14656,fit
14657,fit
14658,fit
14659,fit
14660,fit
14661,fit
14662,early_stopping
14671,fit
14673,fit
14676,fit
14677,fit
14678,fit
14679,fit
14680,early_stopping
14681,early_stopping
14682,fit
14683,fit
14684,fit
14685,fit
14691,fit
14704,fit
14705,fit
14709,fit
14715,fit
14716,fit
14717,fit
14718,fit
14721,fit
14722,fit
14723,fit
14726,fit
14727,fit
14729,fit
14741,fit
14750,fit
14751,fit
14752,fit
14753,fit
14754,fit
14755,fit
14756,fit
14757,fit
14768,fit
14778,early_stopping
14787,fit
14788,fit
14789,fit
14796,fit
14812,fit
14820,fit
14823,fit
14836,fit
14886,fit
14907,fit
14910,fit
14919,fit
14920,fit
14928,fit
14929,fit
14930,fit
14931,fit
14932,fit
14933,fit
14934,fit
14935,fit
14936,fit
14941,fit
14943,fit
14944,fit
14946,fit
14949,fit
14950,fit
14951,fit
14952,fit
14955,fit
14956,fit
14957,fit
14958,fit
14959,fit
14960,fit
14963,fit
14965,fit
14978,fit
14987,fit
14989,fit
14990,fit
15005,fit
15006,fit
15008,fit
15016,fit
15017,fit
15020,fit
15025,fit
15026,early_stopping
15028,fit
15030,early_stopping
15031,fit
15036,fit
15038,fit
15039,fit
15040,fit
15043,fit
15044,fit
15045,fit
15046,early_stopping
15047,early_stopping
15050,early_stopping
15051,early_stopping
15053,fit
15055,early_stopping
15059,fit
15060,fit
15065,early_stopping
15068,early_stopping
15070,fit
15072,fit
15075,fit
15082,fit
15083,fit
15084,fit
15085,fit
15093,fit
15095,fit
15102,fit
15113,fit
15125,fit
15132,fit
15134,early_stopping
15136,fit
15140,fit
15142,fit
15145,early_stopping
15147,fit
15158,fit
15159,fit
15163,fit
15164,fit
15166,fit
15167,fit
15171,fit
15173,fit
15174,fit
15176,fit
15177,fit
15179,fit
15183,fit
15186,fit
15187,fit
15195,early_stopping
15197,early_stopping
15199,fit
15200,fit
15201,fit
15203,fit
15206,fit
15210,fit
15212,fit
15213,fit
15218,fit
15225,fit
15234,fit
15238,fit
15240,fit
15241,early_stopping
15242,fit
15247,fit
15248,fit
15251,fit
15255,fit
15256,fit
15257,fit
15259,fit
15267,fit
15268,fit
15269,fit
15270,fit
15271,fit
15272,early_stopping
15273,fit
15274,fit
15278,fit
15280,fit
15281,fit
15282,fit
15292,fit
15301,fit
15311,fit
15314,fit
15317,fit
15319,fit
15324,fit
15325,fit
15326,fit
15327,fit
15329,fit
15331,fit
15333,fit
15335,early_stopping
15344,fit
15345,fit
15347,fit
15350,fit
15351,fit
15357,fit
15362,fit
15364,early_stopping
15365,fit
15366,fit
15367,fit
15368,fit
15369,fit
15371,fit
15375,early_stopping
15376,fit
15381,fit
15388,fit
15389,fit
15392,fit
15400,early_stopping
15401,fit
15404,fit
15412,fit
15413,fit
15415,fit
15418,fit
15423,fit
15426,fit
15427,early_stopping
15429,fit
15430,fit
15431,fit
15436,early_stopping
15437,fit
15444,early_stopping
15446,early_stopping
15463,fit
15464,fit
15465,fit
15467,fit
15470,early_stopping
15484,fit
15485,fit
15489,fit
15499,fit
15501,fit
15508,fit
15509,fit
15515,fit
15537,fit
15538,fit
15545,fit
15546,fit
15548,fit
15551,fit
15552,fit
15553,fit
15554,fit
15556,fit
15557,fit
15558,fit
15562,fit
15566,fit
15567,fit
15575,fit
15577,fit
15585,early_stopping
15586,fit
15588,fit
15607,fit
15608,fit
15611,fit
15616,fit
15617,fit
15618,fit
15619,fit
15624,fit
15625,fit
15626,fit
15628,fit
15632,fit
15639,fit
15642,fit
15643,fit
15644,fit
15652,fit
15667,fit
15683,fit
15702,fit
15707,fit
15708,fit
15713,early_stopping
15718,fit
15720,fit
15722,fit
15730,fit
15741,fit
15750,fit
15758,fit
15761,fit
15764,fit
15765,fit
15768,fit
15769,fit
15770,fit
15771,fit
15772,fit
15773,fit
15774,fit
15775,fit
15776,fit
15779,fit
15782,fit
15783,fit
15784,fit
15786,fit
15789,fit
15792,fit
15827,fit
15830,fit
15840,fit
15841,fit
15847,fit
15848,fit
15849,fit
15850,fit
15851,fit
15853,fit
15855,fit
15858,fit
15859,fit
15862,early_stopping
15866,fit
15870,fit
15871,fit
15872,early_stopping
15874,fit
15876,fit
15894,fit
15897,early_stopping
15898,fit
15899,fit
15900,fit
15902,fit
15903,fit
15904,fit
15908,fit
15915,fit
15917,fit
15919,fit
15920,fit
15923,fit
15933,fit
15934,fit
15935,fit
15937,fit
15938,fit
15940,early_stopping
15941,early_stopping
15943,fit
15951,early_stopping
15952,early_stopping
15953,fit
15963,fit
15968,early_stopping
15969,early_stopping
15970,fit
15979,fit
15980,fit
15986,fit
15988,fit
16013,fit
16015,fit
16016,fit
16017,fit
16024,fit
16043,fit
16047,early_stopping
16048,fit
16049,fit
16073,fit
16074,fit
16076,fit
16079,fit
16083,fit
16094,fit
16097,fit
16100,fit
16111,fit
16112,fit
16120,fit
16121,fit
16122,fit
16123,fit
16124,fit
16126,fit
16127,fit
16129,fit
16130,fit
16135,fit
16136,fit
16137,fit
16141,fit
16148,fit
16151,fit
16159,fit
16161,fit
16166,fit
16168,fit
16175,early_stopping
16185,fit
16187,fit
16190,fit
16191,fit
16193,fit
16198,fit
16204,fit
16205,fit
16208,fit
16209,fit
16211,fit
16215,fit
16216,fit
16217,fit
16218,fit
16221,fit
16222,fit
16223,fit
16224,fit
16226,fit
16227,fit
16232,fit
16233,fit
16244,fit
16252,fit
16256,fit
16258,fit
16260,fit
16262,fit
16267,fit
16268,fit
16276,fit
16277,fit
16278,fit
16281,early_stopping
16282,fit
16283,fit
16286,early_stopping
16301,fit
16302,fit
16315,early_stopping
16318,fit
16321,fit
16323,fit
16324,fit
16325,fit
16338,fit
16342,fit
16345,fit
16346,fit
16377,fit
16378,fit
16379,fit
16380,fit
16381,fit
16382,fit
16387,fit
16388,fit
16395,fit
16397,fit
16399,fit
16400,fit
16402,early_stopping
16403,fit
16404,fit
16405,fit
16406,fit
16407,fit
16408,early_stopping
16409,fit
16410,fit
16411,early_stopping
16412,fit
16414,fit
16415,fit
16416,fit
16418,fit
16421,fit
16424,early_stopping
16425,fit
16427,fit
16428,fit
16430,early_stopping
16431,fit
16432,fit
16437,fit
16440,fit
16441,fit
16442,early_stopping
16443,fit
16445,fit
16451,fit
16454,fit
16455,fit
16456,early_stopping
16459,fit
16461,fit
16462,fit
16465,fit
16466,fit
16468,fit
16470,fit
16471,fit
16473,early_stopping
16475,fit
16476,early_stopping
16477,early_stopping
16478,fit
16481,fit
16482,fit
16486,fit
16488,fit
16489,fit
16492,fit
16493,early_stopping
16495,fit
