seed,model,n_train,n_calibration,n_test,trees,rmse,mae,r2,spearman,rmse_ci_low,rmse_ci_high,coverage_0.8,width_0.8,coverage_0.9,width_0.9,coverage_0.95,width_0.95,interval_score_90,mse,ccc
42,Baseline,7910,2142,2532,578,0.5169578564861692,0.368043350136346,0.4616553941405105,0.6734853773632361,0.4861120223444133,0.5480662121920462,0.815955766192733,1.171382900869883,0.9170616113744076,1.7350924145284994,0.9589257503949448,2.278012930106686,2.4153669049427338,0.2672454253827747,0.641719171933222
42,PCA,7910,2142,2532,416,0.519616903036752,0.3680472694036985,0.4561030464248183,0.6712514564853067,0.4885681389791523,0.5494865394931711,0.8037124802527646,1.1422701294254494,0.9040284360189572,1.6623856101235115,0.957345971563981,2.3223497616164757,2.443314449968893,0.2700017259215053,0.6335049645022919
42,ADME,7910,2142,2532,339,0.4871735717388326,0.3416684850820611,0.5219013392069829,0.7123138867173934,0.4551720129477554,0.5168788948990685,0.8171406003159558,1.0889967347842813,0.90955766192733,1.5760963467082956,0.9593206951026856,2.1917077407214425,2.2960685220891204,0.23733808900077144,0.6838240931550382
42,Plain,7910,2142,2532,702,0.5027954797370284,0.3577422258117608,0.4907479156565518,0.6853213721419615,0.4728767862426592,0.532595371596415,0.8025276461295419,1.1042717850720818,0.915086887835703,1.6643842711887888,0.9616903633491312,2.2865588723430816,2.3460359340712937,0.25280329444398847,0.6568307812308104
42,BBB pass,5405,1440,1714,396,0.4582897132455722,0.3251428343734425,0.4391307250199522,0.6507449909824553,0.4230916547033118,0.4954030062601455,0.8022170361726955,1.0096234277530929,0.8955659276546091,1.428499526978385,0.9539089848308052,1.895023169897741,2.1133373349307547,0.2100294612667088,0.6057127697719358
43,Baseline,8120,2005,2459,560,0.527778961047278,0.3679308012198145,0.4367154648265061,0.6643818434175924,0.4910433679829799,0.5666670089644171,0.793818625457503,1.0955577732590571,0.8877592517283448,1.548318474065776,0.9495729971533144,2.0669792287748567,2.4612019627614603,0.2785506317241442,0.6245126487613266
43,PCA,8120,2005,2459,695,0.5171212579267406,0.359832214045815,0.4592351398412424,0.6823004380840432,0.4812420242607106,0.5551263848613865,0.7999186661244408,1.090622868347264,0.8938592923952826,1.544809314592201,0.9495729971533144,2.072310343496123,2.40304536503661,0.2674143953997346,0.6420750735128316
43,ADME,8120,2005,2459,347,0.4946837709908673,0.3459977687436815,0.5051438115029041,0.7041346005644553,0.4611393990839374,0.5298515180470027,0.802358682391216,1.0237162608198451,0.8999593330622204,1.470528620460712,0.9524196827978854,1.9999004005197127,2.315103654372875,0.2447120332817449,0.6640436119614276
43,Plain,8120,2005,2459,635,0.5124253886632597,0.3556526411012394,0.4690116916466991,0.6902937242923258,0.4752838064623497,0.5508953999342207,0.7877185847905652,1.050068804597155,0.893045953639691,1.52468147153286,0.953233021553477,2.064054646969362,2.376736338020879,0.26257977894669277,0.6386360887404204
43,BBB pass,5526,1362,1671,590,0.4966982456139935,0.3424718767546019,0.372956743645462,0.6529676958396593,0.4556957205586006,0.5405302291712538,0.7869539198084979,0.9771083566496994,0.883901855176541,1.3757189291745284,0.9395571514063435,1.8803599402398297,2.3444995964478386,0.24670914719601902,0.5597592653832935
44,Baseline,8021,2176,2387,328,0.5244752456497069,0.3685464597287408,0.4539115905525358,0.6542475573720624,0.4892715708142965,0.5584133316453089,0.8265605362379556,1.2169294962068982,0.9212400502723084,1.823992621540074,0.9648093841642228,2.513456178029216,2.4963103517383507,0.2750742832993205,0.6163984342178247
44,PCA,8021,2176,2387,198,0.5345202049231924,0.3726861023110299,0.4327934710341242,0.6509947185360068,0.4981233180404249,0.5705997413160524,0.8206954335986594,1.2246521136417703,0.9090909090909092,1.789440562254896,0.9597821533305404,2.4058232147401135,2.552868334810148,0.28571184947113165,0.594766663000782
44,ADME,8021,2176,2387,341,0.4905079420929791,0.3425012823005096,0.5223551976945313,0.7056607236924219,0.4573432573652033,0.5232275539902196,0.8307498952660243,1.106891585666391,0.9195643066610808,1.6423440243647818,0.9589442815249268,2.2501008387941432,2.355667049164324,0.24059804125628934,0.6681248327824174
44,Plain,8021,2176,2387,699,0.5151742150865072,0.3580320302843492,0.4731084848199197,0.6797696011159191,0.4793012525004088,0.5495619438921954,0.8165060745705907,1.122428870909511,0.9145370758273984,1.6743002711601358,0.9597821533305404,2.330537528535487,2.468184495888648,0.26540447188999877,0.6330607996846768
44,BBB pass,5398,1462,1699,335,0.4730239243037894,0.3332625338145418,0.3798129938591532,0.6247646760440468,0.4348221802836159,0.5137545321945046,0.8151854031783402,1.063414052550387,0.912889935256033,1.5058758868775834,0.9576221306650972,2.0431727086758977,2.1925655592130737,0.2237516329637571,0.5539292663516092
45,Baseline,8005,2025,2554,721,0.5405254172957941,0.3683225735859496,0.4725655449685888,0.6905005600660054,0.4959117987441083,0.5899360909451823,0.7944400939702427,1.0914091389384355,0.8888018794048551,1.5256933826341736,0.9502740798747064,2.1398141378384947,2.5540185458595923,0.29216772674279234,0.6510468085279244
45,PCA,8005,2025,2554,762,0.5396146776759702,0.3656175594063581,0.4743414125246336,0.6929881396694989,0.4971817450544091,0.5836530539242223,0.803054032889585,1.0985188746926982,0.89389193422083,1.539199111047906,0.9487079091620988,2.1644659564614503,2.5565144200190626,0.2911840003633411,0.6506519236742664
45,ADME,8005,2025,2554,352,0.5039657080264056,0.3388124309279338,0.5415011740674993,0.735131424225613,0.4628950395356742,0.5471021154489383,0.7889584964761159,0.996290396519144,0.9021143304620204,1.451632809269003,0.9541895066562256,2.019840474743951,2.3701426854321044,0.25398143486655633,0.6934129729976689
45,Plain,8005,2025,2554,706,0.536680191499575,0.359868650574459,0.480043049910228,0.7018035581581609,0.4905294848346718,0.5857196551068097,0.8050117462803446,1.0581865578627294,0.8852779953014879,1.4464487607371117,0.951840250587314,2.115021699491976,2.55389026116202,0.2880256279480205,0.6488908594982117
45,BBB pass,5398,1384,1777,191,0.4811418376189058,0.3294037467146969,0.3549601112643953,0.6311167068609087,0.4404285978343459,0.5225212549538675,0.7743387732132808,0.9423997295713242,0.8987056837366347,1.3828589444451609,0.9375351716375916,1.8025808189795829,2.237734423997335,0.23149746790729747,0.5364542113926885
46,Baseline,8129,1905,2550,456,0.5153192412888924,0.36047838269973,0.4553197525916153,0.6658140753548104,0.476327988620959,0.5541819565118901,0.8086274509803921,1.12092694671919,0.8976470588235295,1.5728485797135845,0.9466666666666668,2.1025691807011855,2.454328306947835,0.26555392044255965,0.6451106965426757
46,PCA,8129,1905,2550,205,0.5112033292549232,0.3576021150231471,0.4639858485944487,0.6666720844329673,0.4749038260709842,0.5489936174453067,0.8090196078431372,1.1315363941482124,0.9003921568627451,1.576213609232994,0.951372549019608,2.1692599207696723,2.411475299783375,0.26132884384131744,0.6402180593608147
46,ADME,8129,1905,2550,355,0.4888705375524083,0.3411426954821751,0.5097962400299934,0.6990660248634566,0.4527640666054185,0.5277747598533301,0.812156862745098,1.0498666928663931,0.9003921568627451,1.4831576783617235,0.9431372549019608,1.9733546919043885,2.335492289831946,0.2389944024867806,0.681464051061613
46,Plain,8129,1905,2550,706,0.4937571998226174,0.3413599684281385,0.4999472827739095,0.6869145439479668,0.456866205429344,0.5321754057663773,0.8156862745098039,1.0816983311836452,0.9054901960784314,1.525581914303583,0.9415686274509804,1.9725720765604375,2.356529199524062,0.24379617237667214,0.6716912195765979
46,BBB pass,5511,1358,1690,254,0.4703860117975366,0.3300090732460415,0.3932478418860784,0.6201188172621758,0.4263497670930312,0.5166734457294528,0.8005917159763314,1.0027154587625446,0.8940828402366864,1.388004331992299,0.9355029585798816,1.820193538913049,2.227319077350544,0.2212630000947923,0.5596309917235738
